Frquency(Hz),Angle_of_Attack,Chord_Length,Free_stream_velocity,Displacement,Sound_pressure_level,predicted
800,0.0,0.3048,71.3,0.00266337,126.20100000000001,127.58003007693446
1000,0.0,0.3048,71.3,0.00266337,125.20100000000001,127.31994044133599
1250,0.0,0.3048,71.3,0.00266337,125.95100000000001,126.99482839683789
1600,0.0,0.3048,71.3,0.00266337,127.59100000000001,126.53967153454055
2000,0.0,0.3048,71.3,0.00266337,127.461,126.0194922633436
2500,0.0,0.3048,71.3,0.00266337,125.571,125.3692681743474
3150,0.0,0.3048,71.3,0.00266337,125.20100000000001,124.52397685865235
4000,0.0,0.3048,71.3,0.00266337,123.061,123.41859590735882
5000,0.0,0.3048,71.3,0.00266337,121.301,122.11814772936643
6300,0.0,0.3048,71.3,0.00266337,119.541,120.42756509797631
8000,0.0,0.3048,71.3,0.00266337,117.15100000000001,118.21680319538925
10000,0.0,0.3048,71.3,0.00266337,115.391,115.61590683940447
12500,0.0,0.3048,71.3,0.00266337,112.241,112.36478639442349
16000,0.0,0.3048,71.3,0.00266337,108.721,107.81321777145013
500,0.0,0.3048,55.5,0.00283081,126.416,126.37168292222294
630,0.0,0.3048,55.5,0.00283081,127.696,126.20262465908394
800,0.0,0.3048,55.5,0.00283081,128.086,125.98154846882522
1000,0.0,0.3048,55.5,0.00283081,126.96600000000001,125.72145883322675
1250,0.0,0.3048,55.5,0.00283081,126.086,125.39634678872865
1600,0.0,0.3048,55.5,0.00283081,126.986,124.9411899264313
2000,0.0,0.3048,55.5,0.00283081,126.616,124.42101065523435
2500,0.0,0.3048,55.5,0.00283081,124.10600000000001,123.77078656623816
3150,0.0,0.3048,55.5,0.00283081,123.236,122.92549525054311
4000,0.0,0.3048,55.5,0.00283081,121.10600000000001,121.82011429924957
5000,0.0,0.3048,55.5,0.00283081,119.60600000000001,120.51966612125719
6300,0.0,0.3048,55.5,0.00283081,117.976,118.82908348986707
8000,0.0,0.3048,55.5,0.00283081,116.476,116.61832158728001
10000,0.0,0.3048,55.5,0.00283081,113.07600000000001,114.01742523129523
12500,0.0,0.3048,55.5,0.00283081,111.07600000000001,110.76630478631425
200,0.0,0.3048,39.6,0.00310138,118.12899999999999,125.1388310751377
250,0.0,0.3048,39.6,0.00310138,119.319,125.07380866623808
315,0.0,0.3048,39.6,0.00310138,122.779,124.98927953466858
400,0.0,0.3048,39.6,0.00310138,124.809,124.87874143953923
500,0.0,0.3048,39.6,0.00310138,126.959,124.74869662173998
630,0.0,0.3048,39.6,0.00310138,128.629,124.57963835860097
800,0.0,0.3048,39.6,0.00310138,129.099,124.35856216834227
1000,0.0,0.3048,39.6,0.00310138,127.899,124.0984725327438
1250,0.0,0.3048,39.6,0.00310138,125.499,123.7733604882457
1600,0.0,0.3048,39.6,0.00310138,124.04899999999999,123.31820362594836
2000,0.0,0.3048,39.6,0.00310138,123.689,122.7980243547514
2500,0.0,0.3048,39.6,0.00310138,121.399,122.14780026575521
3150,0.0,0.3048,39.6,0.00310138,120.319,121.30250895006016
4000,0.0,0.3048,39.6,0.00310138,119.229,120.19712799876662
5000,0.0,0.3048,39.6,0.00310138,117.789,118.89667982077422
6300,0.0,0.3048,39.6,0.00310138,116.229,117.20609718938412
8000,0.0,0.3048,39.6,0.00310138,114.779,114.99533528679706
10000,0.0,0.3048,39.6,0.00310138,112.139,112.39443893081227
12500,0.0,0.3048,39.6,0.00310138,109.619,109.1433184858313
200,0.0,0.3048,31.7,0.00331266,117.195,124.32160954184957
250,0.0,0.3048,31.7,0.00331266,118.595,124.25658713294996
315,0.0,0.3048,31.7,0.00331266,122.765,124.17205800138045
400,0.0,0.3048,31.7,0.00331266,125.045,124.06151990625109
500,0.0,0.3048,31.7,0.00331266,127.315,123.93147508845186
630,0.0,0.3048,31.7,0.00331266,129.095,123.76241682531284
800,0.0,0.3048,31.7,0.00331266,129.235,123.54134063505414
1000,0.0,0.3048,31.7,0.00331266,127.365,123.28125099945566
1250,0.0,0.3048,31.7,0.00331266,124.355,122.95613895495757
1600,0.0,0.3048,31.7,0.00331266,122.365,122.50098209266022
2000,0.0,0.3048,31.7,0.00331266,122.375,121.98080282146327
2500,0.0,0.3048,31.7,0.00331266,120.755,121.33057873246707
3150,0.0,0.3048,31.7,0.00331266,119.135,120.48528741677202
4000,0.0,0.3048,31.7,0.00331266,118.145,119.37990646547848
5000,0.0,0.3048,31.7,0.00331266,115.645,118.07945828748609
6300,0.0,0.3048,31.7,0.00331266,113.775,116.38887565609599
8000,0.0,0.3048,31.7,0.00331266,110.515,114.17811375350892
10000,0.0,0.3048,31.7,0.00331266,108.265,111.57721739752415
800,1.5,0.3048,71.3,0.00336729,127.12200000000001,126.86027759791507
1000,1.5,0.3048,71.3,0.00336729,125.992,126.6001879623166
1250,1.5,0.3048,71.3,0.00336729,125.87200000000001,126.2750759178185
1600,1.5,0.3048,71.3,0.00336729,126.632,125.81991905552115
2000,1.5,0.3048,71.3,0.00336729,126.64200000000001,125.2997397843242
2500,1.5,0.3048,71.3,0.00336729,124.512,124.649515695328
3150,1.5,0.3048,71.3,0.00336729,123.39200000000001,123.80422437963296
4000,1.5,0.3048,71.3,0.00336729,121.762,122.69884342833942
5000,1.5,0.3048,71.3,0.00336729,119.632,121.39839525034702
6300,1.5,0.3048,71.3,0.00336729,118.12200000000001,119.70781261895692
8000,1.5,0.3048,71.3,0.00336729,115.37200000000001,117.49705071636986
10000,1.5,0.3048,71.3,0.00336729,113.492,114.89615436038507
12500,1.5,0.3048,71.3,0.00336729,109.22200000000001,111.6450339154041
16000,1.5,0.3048,71.3,0.00336729,106.58200000000001,107.09346529243072
315,1.5,0.3048,39.6,0.00392107,121.851,124.25320823295112
400,1.5,0.3048,39.6,0.00392107,124.001,124.14267013782178
500,1.5,0.3048,39.6,0.00392107,126.661,124.01262532002254
630,1.5,0.3048,39.6,0.00392107,128.311,123.84356705688353
800,1.5,0.3048,39.6,0.00392107,128.83100000000002,123.62249086662482
1000,1.5,0.3048,39.6,0.00392107,127.581,123.36240123102634
1250,1.5,0.3048,39.6,0.00392107,125.211,123.03728918652824
1600,1.5,0.3048,39.6,0.00392107,122.211,122.58213232423091
2000,1.5,0.3048,39.6,0.00392107,122.101,122.06195305303396
2500,1.5,0.3048,39.6,0.00392107,120.98100000000001,121.41172896403776
3150,1.5,0.3048,39.6,0.00392107,119.111,120.5664376483427
4000,1.5,0.3048,39.6,0.00392107,117.741,119.46105669704917
5000,1.5,0.3048,39.6,0.00392107,116.241,118.16060851905678
6300,1.5,0.3048,39.6,0.00392107,114.751,116.47002588766668
8000,1.5,0.3048,39.6,0.00392107,112.251,114.2592639850796
10000,1.5,0.3048,39.6,0.00392107,108.991,111.65836762909483
12500,1.5,0.3048,39.6,0.00392107,106.111,108.40724718411386
400,3.0,0.3048,71.3,0.00425727,127.564,126.63447755972898
500,3.0,0.3048,71.3,0.00425727,128.454,126.50443274192973
630,3.0,0.3048,71.3,0.00425727,129.35399999999998,126.33537447879073
800,3.0,0.3048,71.3,0.00425727,129.494,126.11429828853203
1000,3.0,0.3048,71.3,0.00425727,129.004,125.85420865293354
1250,3.0,0.3048,71.3,0.00425727,127.634,125.52909660843545
1600,3.0,0.3048,71.3,0.00425727,126.514,125.07393974613811
2000,3.0,0.3048,71.3,0.00425727,125.524,124.55376047494116
2500,3.0,0.3048,71.3,0.00425727,124.024,123.90353638594496
3150,3.0,0.3048,71.3,0.00425727,121.514,123.05824507024991
4000,3.0,0.3048,71.3,0.00425727,120.264,121.95286411895637
5000,3.0,0.3048,71.3,0.00425727,118.134,120.65241594096398
6300,3.0,0.3048,71.3,0.00425727,116.134,118.96183330957388
8000,3.0,0.3048,71.3,0.00425727,114.634,116.75107140698681
10000,3.0,0.3048,71.3,0.00425727,110.22399999999999,114.15017505100202
400,3.0,0.3048,55.5,0.00452492,126.15899999999999,125.0218704508633
500,3.0,0.3048,55.5,0.00452492,128.179,124.89182563306407
630,3.0,0.3048,55.5,0.00452492,129.569,124.72276736992507
800,3.0,0.3048,55.5,0.00452492,129.94899999999998,124.50169117966635
1000,3.0,0.3048,55.5,0.00452492,129.329,124.24160154406788
1250,3.0,0.3048,55.5,0.00452492,127.329,123.91648949956978
1600,3.0,0.3048,55.5,0.00452492,124.439,123.46133263727245
2000,3.0,0.3048,55.5,0.00452492,123.069,122.94115336607548
2500,3.0,0.3048,55.5,0.00452492,122.439,122.29092927707929
3150,3.0,0.3048,55.5,0.00452492,120.189,121.44563796138424
4000,3.0,0.3048,55.5,0.00452492,118.689,120.34025701009071
5000,3.0,0.3048,55.5,0.00452492,117.309,119.03980883209832
6300,3.0,0.3048,55.5,0.00452492,115.679,117.3492262007082
8000,3.0,0.3048,55.5,0.00452492,113.79899999999999,115.13846429812114
10000,3.0,0.3048,55.5,0.00452492,112.169,112.53756794213635
315,3.0,0.3048,39.6,0.00495741,123.31200000000001,123.48659816525344
400,3.0,0.3048,39.6,0.00495741,125.47200000000001,123.37606007012408
500,3.0,0.3048,39.6,0.00495741,127.632,123.24601525232484
630,3.0,0.3048,39.6,0.00495741,129.292,123.07695698918583
800,3.0,0.3048,39.6,0.00495741,129.55200000000002,122.85588079892713
1000,3.0,0.3048,39.6,0.00495741,128.312,122.59579116332864
1250,3.0,0.3048,39.6,0.00495741,125.802,122.27067911883054
1600,3.0,0.3048,39.6,0.00495741,122.78200000000001,121.81552225653321
2000,3.0,0.3048,39.6,0.00495741,120.53200000000001,121.29534298533625
2500,3.0,0.3048,39.6,0.00495741,120.162,120.64511889634007
3150,3.0,0.3048,39.6,0.00495741,118.92200000000001,119.799827580645
4000,3.0,0.3048,39.6,0.00495741,116.792,118.69444662935148
5000,3.0,0.3048,39.6,0.00495741,115.792,117.39399845135908
6300,3.0,0.3048,39.6,0.00495741,114.042,115.70341581996897
8000,3.0,0.3048,39.6,0.00495741,110.652,113.49265391738192
315,3.0,0.3048,31.7,0.00529514,123.118,122.65155236721478
400,3.0,0.3048,31.7,0.00529514,125.398,122.54101427208542
500,3.0,0.3048,31.7,0.00529514,127.54799999999999,122.41096945428617
630,3.0,0.3048,31.7,0.00529514,128.69799999999998,122.24191119114717
800,3.0,0.3048,31.7,0.00529514,128.708,122.02083500088847
1000,3.0,0.3048,31.7,0.00529514,126.838,121.76074536528998
1250,3.0,0.3048,31.7,0.00529514,124.838,121.43563332079188
1600,3.0,0.3048,31.7,0.00529514,122.088,120.98047645849455
2000,3.0,0.3048,31.7,0.00529514,120.088,120.4602971872976
2500,3.0,0.3048,31.7,0.00529514,119.598,119.8100730983014
3150,3.0,0.3048,31.7,0.00529514,118.10799999999999,118.96478178260634
4000,3.0,0.3048,31.7,0.00529514,115.60799999999999,117.85940083131281
5000,3.0,0.3048,31.7,0.00529514,113.85799999999999,116.55895265332042
6300,3.0,0.3048,31.7,0.00529514,109.71799999999999,114.8683700219303
250,4.0,0.3048,71.3,0.00497773,126.395,126.31430372038297
315,4.0,0.3048,71.3,0.00497773,128.175,126.22977458881347
400,4.0,0.3048,71.3,0.00497773,129.575,126.11923649368411
500,4.0,0.3048,71.3,0.00497773,130.715,125.98919167588487
630,4.0,0.3048,71.3,0.00497773,131.615,125.82013341274586
800,4.0,0.3048,71.3,0.00497773,131.755,125.59905722248716
1000,4.0,0.3048,71.3,0.00497773,131.015,125.33896758688869
1250,4.0,0.3048,71.3,0.00497773,129.395,125.01385554239059
1600,4.0,0.3048,71.3,0.00497773,126.645,124.55869868009324
2000,4.0,0.3048,71.3,0.00497773,124.395,124.03851940889629
2500,4.0,0.3048,71.3,0.00497773,123.775,123.3882953199001
3150,4.0,0.3048,71.3,0.00497773,121.775,122.54300400420505
4000,4.0,0.3048,71.3,0.00497773,119.535,121.4376230529115
5000,4.0,0.3048,71.3,0.00497773,117.785,120.13717487491911
6300,4.0,0.3048,71.3,0.00497773,116.165,118.44659224352901
8000,4.0,0.3048,71.3,0.00497773,113.665,116.23583034094194
10000,4.0,0.3048,71.3,0.00497773,110.905,113.63493398495716
12500,4.0,0.3048,71.3,0.00497773,107.405,110.38381353997619
250,4.0,0.3048,39.6,0.00579636,123.54299999999999,123.03918399961722
315,4.0,0.3048,39.6,0.00579636,126.84299999999999,122.95465486804771
400,4.0,0.3048,39.6,0.00579636,128.63299999999998,122.84411677291835
500,4.0,0.3048,39.6,0.00579636,130.173,122.71407195511912
630,4.0,0.3048,39.6,0.00579636,131.07299999999998,122.5450136919801
800,4.0,0.3048,39.6,0.00579636,130.72299999999998,122.3239375017214
1000,4.0,0.3048,39.6,0.00579636,128.72299999999998,122.06384786612293
1250,4.0,0.3048,39.6,0.00579636,126.34299999999999,121.73873582162483
1600,4.0,0.3048,39.6,0.00579636,123.213,121.28357895932749
2000,4.0,0.3048,39.6,0.00579636,120.963,120.76339968813053
2500,4.0,0.3048,39.6,0.00579636,120.23299999999999,120.11317559913434
3150,4.0,0.3048,39.6,0.00579636,118.743,119.26788428343929
4000,4.0,0.3048,39.6,0.00579636,115.863,118.16250333214575
5000,4.0,0.3048,39.6,0.00579636,113.73299999999999,116.86205515415335
1250,0.0,0.2286,71.3,0.00214345,128.144,129.7451557817186
1600,0.0,0.2286,71.3,0.00214345,129.134,129.2899989194213
2000,0.0,0.2286,71.3,0.00214345,128.244,128.76981964822434
2500,0.0,0.2286,71.3,0.00214345,128.35399999999998,128.11959555922815
3150,0.0,0.2286,71.3,0.00214345,127.834,127.27430424353308
4000,0.0,0.2286,71.3,0.00214345,125.824,126.16892329223955
5000,0.0,0.2286,71.3,0.00214345,124.304,124.86847511424716
6300,0.0,0.2286,71.3,0.00214345,122.044,123.17789248285705
8000,0.0,0.2286,71.3,0.00214345,118.024,120.96713058027
10000,0.0,0.2286,71.3,0.00214345,118.134,118.36623422428521
12500,0.0,0.2286,71.3,0.00214345,117.624,115.11511377930422
16000,0.0,0.2286,71.3,0.00214345,114.984,110.56354515633086
20000,0.0,0.2286,71.3,0.00214345,114.47399999999999,105.3617524443613
315,0.0,0.2286,55.5,0.00229336,119.54,129.36506423119144
400,0.0,0.2286,55.5,0.00229336,121.66,129.25452613606208
500,0.0,0.2286,55.5,0.00229336,123.78,129.12448131826284
630,0.0,0.2286,55.5,0.00229336,126.16,128.95542305512384
800,0.0,0.2286,55.5,0.00229336,127.53,128.73434686486513
1000,0.0,0.2286,55.5,0.00229336,128.29,128.47425722926664
1250,0.0,0.2286,55.5,0.00229336,127.91,128.14914518476854
1600,0.0,0.2286,55.5,0.00229336,126.79,127.69398832247121
2000,0.0,0.2286,55.5,0.00229336,126.54,127.17380905127426
2500,0.0,0.2286,55.5,0.00229336,126.54,126.52358496227806
3150,0.0,0.2286,55.5,0.00229336,125.16,125.67829364658301
4000,0.0,0.2286,55.5,0.00229336,123.41,124.57291269528947
5000,0.0,0.2286,55.5,0.00229336,122.41,123.27246451729708
6300,0.0,0.2286,55.5,0.00229336,118.41,121.58188188590698
315,0.0,0.2286,39.6,0.00253511,121.055,127.74614036890627
400,0.0,0.2286,39.6,0.00253511,123.565,127.63560227377693
500,0.0,0.2286,39.6,0.00253511,126.195,127.50555745597768
630,0.0,0.2286,39.6,0.00253511,128.705,127.33649919283867
800,0.0,0.2286,39.6,0.00253511,130.205,127.11542300257996
1000,0.0,0.2286,39.6,0.00253511,130.435,126.85533336698148
1250,0.0,0.2286,39.6,0.00253511,129.395,126.53022132248338
1600,0.0,0.2286,39.6,0.00253511,127.095,126.07506446018604
2000,0.0,0.2286,39.6,0.00253511,125.305,125.55488518898909
2500,0.0,0.2286,39.6,0.00253511,125.025,124.9046610999929
3150,0.0,0.2286,39.6,0.00253511,124.625,124.05936978429784
4000,0.0,0.2286,39.6,0.00253511,123.465,122.95398883300432
5000,0.0,0.2286,39.6,0.00253511,122.175,121.65354065501192
6300,0.0,0.2286,39.6,0.00253511,117.465,119.96295802362181
315,0.0,0.2286,31.7,0.0027238,120.595,126.93210309928531
400,0.0,0.2286,31.7,0.0027238,123.635,126.82156500415596
500,0.0,0.2286,31.7,0.0027238,126.675,126.69152018635673
630,0.0,0.2286,31.7,0.0027238,129.465,126.52246192321772
800,0.0,0.2286,31.7,0.0027238,130.725,126.301385732959
1000,0.0,0.2286,31.7,0.0027238,130.595,126.04129609736053
1250,0.0,0.2286,31.7,0.0027238,128.805,125.71618405286243
1600,0.0,0.2286,31.7,0.0027238,125.625,125.26102719056509
2000,0.0,0.2286,31.7,0.0027238,123.455,124.74084791936814
2500,0.0,0.2286,31.7,0.0027238,123.445,124.09062383037194
3150,0.0,0.2286,31.7,0.0027238,123.445,123.24533251467689
4000,0.0,0.2286,31.7,0.0027238,122.035,122.13995156338336
5000,0.0,0.2286,31.7,0.0027238,120.505,120.83950338539097
6300,0.0,0.2286,31.7,0.0027238,116.815,119.14892075400086
400,2.0,0.2286,71.3,0.00293031,125.116,129.91225024032718
500,2.0,0.2286,71.3,0.00293031,126.486,129.78220542252794
630,2.0,0.2286,71.3,0.00293031,127.35600000000001,129.61314715938894
800,2.0,0.2286,71.3,0.00293031,128.216,129.39207096913023
1000,2.0,0.2286,71.3,0.00293031,128.95600000000002,129.13198133353174
1250,2.0,0.2286,71.3,0.00293031,128.816,128.80686928903364
1600,2.0,0.2286,71.3,0.00293031,127.796,128.35171242673633
2000,2.0,0.2286,71.3,0.00293031,126.896,127.83153315553936
2500,2.0,0.2286,71.3,0.00293031,127.006,127.18130906654316
3150,2.0,0.2286,71.3,0.00293031,126.116,126.33601775084811
4000,2.0,0.2286,71.3,0.00293031,124.086,125.23063679955457
5000,2.0,0.2286,71.3,0.00293031,122.816,123.9301886215622
6300,2.0,0.2286,71.3,0.00293031,120.786,122.23960599017208
8000,2.0,0.2286,71.3,0.00293031,115.99600000000001,120.02884408758501
10000,2.0,0.2286,71.3,0.00293031,113.086,117.42794773160024
400,2.0,0.2286,55.5,0.00313525,122.292,128.30848266995503
500,2.0,0.2286,55.5,0.00313525,124.69200000000001,128.1784378521558
630,2.0,0.2286,55.5,0.00313525,126.84200000000001,128.0093795890168
800,2.0,0.2286,55.5,0.00313525,128.49200000000002,127.78830339875807
1000,2.0,0.2286,55.5,0.00313525,129.002,127.5282137631596
1250,2.0,0.2286,55.5,0.00313525,128.762,127.2031017186615
1600,2.0,0.2286,55.5,0.00313525,126.75200000000001,126.74794485636417
2000,2.0,0.2286,55.5,0.00313525,124.61200000000001,126.2277655851672
2500,2.0,0.2286,55.5,0.00313525,123.86200000000001,125.57754149617102
3150,2.0,0.2286,55.5,0.00313525,123.742,124.73225018047596
4000,2.0,0.2286,55.5,0.00313525,122.23200000000001,123.62686922918243
5000,2.0,0.2286,55.5,0.00313525,120.47200000000001,122.32642105119004
6300,2.0,0.2286,55.5,0.00313525,118.712,120.63583841979994
315,2.0,0.2286,39.6,0.00346574,120.137,126.78758820170027
400,2.0,0.2286,39.6,0.00346574,122.147,126.67705010657092
500,2.0,0.2286,39.6,0.00346574,125.15700000000001,126.54700528877169
630,2.0,0.2286,39.6,0.00346574,127.417,126.37794702563266
800,2.0,0.2286,39.6,0.00346574,129.037,126.15687083537397
1000,2.0,0.2286,39.6,0.00346574,129.14700000000002,125.89678119977549
1250,2.0,0.2286,39.6,0.00346574,128.257,125.57166915527739
1600,2.0,0.2286,39.6,0.00346574,125.837,125.11651229298005
2000,2.0,0.2286,39.6,0.00346574,122.79700000000001,124.5963330217831
2500,2.0,0.2286,39.6,0.00346574,121.397,123.9461089327869
3150,2.0,0.2286,39.6,0.00346574,121.62700000000001,123.10081761709185
4000,2.0,0.2286,39.6,0.00346574,120.227,121.99543666579831
5000,2.0,0.2286,39.6,0.00346574,118.82700000000001,120.69498848780593
6300,2.0,0.2286,39.6,0.00346574,116.417,119.00440585641581
315,2.0,0.2286,31.7,0.00372371,120.147,125.96378529299733
400,2.0,0.2286,31.7,0.00372371,123.417,125.85324719786799
500,2.0,0.2286,31.7,0.00372371,126.677,125.72320238006874
630,2.0,0.2286,31.7,0.00372371,129.05700000000002,125.55414411692973
800,2.0,0.2286,31.7,0.00372371,130.30700000000002,125.33306792667102
1000,2.0,0.2286,31.7,0.00372371,130.30700000000002,125.07297829107254
1250,2.0,0.2286,31.7,0.00372371,128.67700000000002,124.74786624657445
1600,2.0,0.2286,31.7,0.00372371,125.79700000000001,124.29270938427712
2000,2.0,0.2286,31.7,0.00372371,123.037,123.77253011308015
2500,2.0,0.2286,31.7,0.00372371,121.40700000000001,123.12230602408397
3150,2.0,0.2286,31.7,0.00372371,121.527,122.2770147083889
4000,2.0,0.2286,31.7,0.00372371,120.527,121.17163375709538
5000,2.0,0.2286,31.7,0.00372371,118.26700000000001,119.87118557910298
6300,2.0,0.2286,31.7,0.00372371,115.137,118.18060294771288
500,4.0,0.2286,71.3,0.00400603,126.758,128.80320151492927
630,4.0,0.2286,71.3,0.00400603,129.03799999999998,128.63414325179025
800,4.0,0.2286,71.3,0.00400603,130.688,128.41306706153154
1000,4.0,0.2286,71.3,0.00400603,131.708,128.15297742593307
1250,4.0,0.2286,71.3,0.00400603,131.718,127.82786538143498
1600,4.0,0.2286,71.3,0.00400603,129.468,127.37270851913763
2000,4.0,0.2286,71.3,0.00400603,126.21799999999999,126.85252924794068
2500,4.0,0.2286,71.3,0.00400603,124.338,126.20230515894448
3150,4.0,0.2286,71.3,0.00400603,124.10799999999999,125.35701384324943
4000,4.0,0.2286,71.3,0.00400603,121.728,124.2516328919559
5000,4.0,0.2286,71.3,0.00400603,121.118,122.95118471396351
6300,4.0,0.2286,71.3,0.00400603,118.618,121.2606020825734
8000,4.0,0.2286,71.3,0.00400603,112.848,119.04984017998633
10000,4.0,0.2286,71.3,0.00400603,113.10799999999999,116.44894382400156
12500,4.0,0.2286,71.3,0.00400603,114.258,113.19782337902058
16000,4.0,0.2286,71.3,0.00400603,112.76799999999999,108.64625475604721
20000,4.0,0.2286,71.3,0.00400603,109.63799999999999,103.44446204407765
400,4.0,0.2286,55.5,0.0042861999999999996,123.274,127.318874417262
500,4.0,0.2286,55.5,0.0042861999999999996,127.314,127.18882959946275
630,4.0,0.2286,55.5,0.0042861999999999996,129.964,127.01977133632374
800,4.0,0.2286,55.5,0.0042861999999999996,131.864,126.79869514606504
1000,4.0,0.2286,55.5,0.0042861999999999996,132.134,126.53860551046655
1250,4.0,0.2286,55.5,0.0042861999999999996,131.264,126.21349346596847
1600,4.0,0.2286,55.5,0.0042861999999999996,128.264,125.75833660367113
2000,4.0,0.2286,55.5,0.0042861999999999996,124.25399999999999,125.23815733247417
2500,4.0,0.2286,55.5,0.0042861999999999996,122.384,124.58793324347798
3150,4.0,0.2286,55.5,0.0042861999999999996,122.39399999999999,123.74264192778293
4000,4.0,0.2286,55.5,0.0042861999999999996,120.654,122.63726097648939
5000,4.0,0.2286,55.5,0.0042861999999999996,120.03399999999999,121.336812798497
6300,4.0,0.2286,55.5,0.0042861999999999996,117.154,119.64623016710689
8000,4.0,0.2286,55.5,0.0042861999999999996,112.524,117.43546826451983
315,4.0,0.2286,39.6,0.00473801,122.229,125.78087880389427
400,4.0,0.2286,39.6,0.00473801,123.87899999999999,125.67034070876491
500,4.0,0.2286,39.6,0.00473801,127.039,125.54029589096568
630,4.0,0.2286,39.6,0.00473801,129.579,125.37123762782666
800,4.0,0.2286,39.6,0.00473801,130.469,125.15016143756796
1000,4.0,0.2286,39.6,0.00473801,129.969,124.89007180196948
1250,4.0,0.2286,39.6,0.00473801,128.339,124.56495975747139
1600,4.0,0.2286,39.6,0.00473801,125.319,124.10980289517404
2000,4.0,0.2286,39.6,0.00473801,121.65899999999999,123.58962362397709
2500,4.0,0.2286,39.6,0.00473801,119.649,122.9393995349809
3150,4.0,0.2286,39.6,0.00473801,120.419,122.09410821928584
4000,4.0,0.2286,39.6,0.00473801,119.15899999999999,120.9887272679923
5000,4.0,0.2286,39.6,0.00473801,117.649,119.68827908999992
6300,4.0,0.2286,39.6,0.00473801,114.249,117.99769645860981
8000,4.0,0.2286,39.6,0.00473801,113.12899999999999,115.78693455602274
250,4.0,0.2286,31.7,0.00509068,120.189,125.02825621005957
315,4.0,0.2286,31.7,0.00509068,123.609,124.94372707849006
400,4.0,0.2286,31.7,0.00509068,126.149,124.83318898336071
500,4.0,0.2286,31.7,0.00509068,128.939,124.70314416556147
630,4.0,0.2286,31.7,0.00509068,130.349,124.53408590242246
800,4.0,0.2286,31.7,0.00509068,130.869,124.31300971216375
1000,4.0,0.2286,31.7,0.00509068,129.869,124.05292007656527
1250,4.0,0.2286,31.7,0.00509068,128.119,123.72780803206717
1600,4.0,0.2286,31.7,0.00509068,125.229,123.27265116976984
2000,4.0,0.2286,31.7,0.00509068,122.089,122.75247189857288
2500,4.0,0.2286,31.7,0.00509068,120.209,122.10224780957668
3150,4.0,0.2286,31.7,0.00509068,120.229,121.25695649388163
4000,4.0,0.2286,31.7,0.00509068,118.859,120.1515755425881
5000,4.0,0.2286,31.7,0.00509068,115.969,118.85112736459571
6300,4.0,0.2286,31.7,0.00509068,112.699,117.16054473320561
400,5.3,0.2286,71.3,0.0051942,127.7,128.22797161091273
500,5.3,0.2286,71.3,0.0051942,129.88,128.0979267931135
630,5.3,0.2286,71.3,0.0051942,131.8,127.92886852997448
800,5.3,0.2286,71.3,0.0051942,133.48,127.70779233971577
1000,5.3,0.2286,71.3,0.0051942,134.0,127.44770270411729
1250,5.3,0.2286,71.3,0.0051942,133.38,127.12259065961919
1600,5.3,0.2286,71.3,0.0051942,130.46,126.66743379732186
2000,5.3,0.2286,71.3,0.0051942,125.89,126.1472545261249
2500,5.3,0.2286,71.3,0.0051942,123.74,125.4970304371287
3150,5.3,0.2286,71.3,0.0051942,123.12,124.65173912143365
4000,5.3,0.2286,71.3,0.0051942,120.33,123.54635817014012
5000,5.3,0.2286,71.3,0.0051942,118.05,122.24590999214773
6300,5.3,0.2286,71.3,0.0051942,116.92,120.55532736075762
8000,5.3,0.2286,71.3,0.0051942,114.9,118.34456545817056
10000,5.3,0.2286,71.3,0.0051942,111.35,115.74366910218578
250,5.3,0.2286,39.6,0.00614329,127.01100000000001,125.12952960653065
315,5.3,0.2286,39.6,0.00614329,129.691,125.04500047496114
400,5.3,0.2286,39.6,0.00614329,131.221,124.9344623798318
500,5.3,0.2286,39.6,0.00614329,132.251,124.80441756203255
630,5.3,0.2286,39.6,0.00614329,132.011,124.63535929889355
800,5.3,0.2286,39.6,0.00614329,129.491,124.41428310863483
1000,5.3,0.2286,39.6,0.00614329,125.581,124.15419347303636
1250,5.3,0.2286,39.6,0.00614329,125.721,123.82908142853826
1600,5.3,0.2286,39.6,0.00614329,123.081,123.37392456624093
2000,5.3,0.2286,39.6,0.00614329,117.911,122.85374529504396
2500,5.3,0.2286,39.6,0.00614329,116.15100000000001,122.20352120604777
3150,5.3,0.2286,39.6,0.00614329,118.441,121.35822989035272
4000,5.3,0.2286,39.6,0.00614329,115.801,120.25284893905919
5000,5.3,0.2286,39.6,0.00614329,115.311,118.9524007610668
6300,5.3,0.2286,39.6,0.00614329,112.541,117.26181812967668
200,7.3,0.2286,71.3,0.010440399999999999,138.75799999999998,126.92119067496004
250,7.3,0.2286,71.3,0.010440399999999999,139.918,126.85616826606042
315,7.3,0.2286,71.3,0.010440399999999999,139.808,126.77163913449093
400,7.3,0.2286,71.3,0.010440399999999999,139.438,126.66110103936157
500,7.3,0.2286,71.3,0.010440399999999999,136.798,126.53105622156234
630,7.3,0.2286,71.3,0.010440399999999999,133.768,126.36199795842332
800,7.3,0.2286,71.3,0.010440399999999999,130.748,126.14092176816462
1000,7.3,0.2286,71.3,0.010440399999999999,126.838,125.88083213256614
1250,7.3,0.2286,71.3,0.010440399999999999,127.35799999999999,125.55572008806804
1600,7.3,0.2286,71.3,0.010440399999999999,125.728,125.1005632257707
2000,7.3,0.2286,71.3,0.010440399999999999,122.708,124.58038395457375
2500,7.3,0.2286,71.3,0.010440399999999999,122.088,123.93015986557755
3150,7.3,0.2286,71.3,0.010440399999999999,120.458,123.0848685498825
4000,7.3,0.2286,71.3,0.010440399999999999,119.208,121.97948759858896
5000,7.3,0.2286,71.3,0.010440399999999999,115.29799999999999,120.67903942059657
6300,7.3,0.2286,71.3,0.010440399999999999,115.818,118.98845678920647
200,7.3,0.2286,55.5,0.011170600000000001,135.234,125.24338298356881
250,7.3,0.2286,55.5,0.011170600000000001,136.384,125.1783605746692
315,7.3,0.2286,55.5,0.011170600000000001,136.284,125.09383144309969
400,7.3,0.2286,55.5,0.011170600000000001,135.924,124.98329334797033
500,7.3,0.2286,55.5,0.011170600000000001,133.174,124.8532485301711
630,7.3,0.2286,55.5,0.011170600000000001,130.934,124.68419026703208
800,7.3,0.2286,55.5,0.011170600000000001,128.444,124.46311407677338
1000,7.3,0.2286,55.5,0.011170600000000001,125.194,124.2030244411749
1250,7.3,0.2286,55.5,0.011170600000000001,125.72399999999999,123.8779123966768
1600,7.3,0.2286,55.5,0.011170600000000001,123.354,123.42275553437946
2000,7.3,0.2286,55.5,0.011170600000000001,120.354,122.90257626318251
2500,7.3,0.2286,55.5,0.011170600000000001,118.994,122.25235217418631
3150,7.3,0.2286,55.5,0.011170600000000001,117.134,121.40706085849126
4000,7.3,0.2286,55.5,0.011170600000000001,117.28399999999999,120.30167990719772
5000,7.3,0.2286,55.5,0.011170600000000001,113.14399999999999,119.00123172920533
6300,7.3,0.2286,55.5,0.011170600000000001,111.53399999999999,117.31064909781523
200,7.3,0.2286,39.6,0.0123481,130.989,123.49255674294984
250,7.3,0.2286,39.6,0.0123481,131.889,123.42753433405024
315,7.3,0.2286,39.6,0.0123481,132.149,123.34300520248073
400,7.3,0.2286,39.6,0.0123481,132.039,123.23246710735137
500,7.3,0.2286,39.6,0.0123481,130.299,123.10242228955214
630,7.3,0.2286,39.6,0.0123481,128.929,122.93336402641313
800,7.3,0.2286,39.6,0.0123481,126.29899999999999,122.71228783615442
1000,7.3,0.2286,39.6,0.0123481,122.539,122.45219820055594
1250,7.3,0.2286,39.6,0.0123481,123.189,122.12708615605784
1600,7.3,0.2286,39.6,0.0123481,121.059,121.6719292937605
2000,7.3,0.2286,39.6,0.0123481,117.809,121.15175002256355
2500,7.3,0.2286,39.6,0.0123481,116.559,120.50152593356735
3150,7.3,0.2286,39.6,0.0123481,114.309,119.6562346178723
4000,7.3,0.2286,39.6,0.0123481,114.079,118.55085366657877
5000,7.3,0.2286,39.6,0.0123481,111.959,117.25040548858638
6300,7.3,0.2286,39.6,0.0123481,110.839,115.55982285719627
200,7.3,0.2286,31.7,0.0132672,128.679,122.57556161475685
250,7.3,0.2286,31.7,0.0132672,130.089,122.51053920585723
315,7.3,0.2286,31.7,0.0132672,130.239,122.42601007428773
400,7.3,0.2286,31.7,0.0132672,130.269,122.31547197915837
500,7.3,0.2286,31.7,0.0132672,128.16899999999998,122.18542716135914
630,7.3,0.2286,31.7,0.0132672,126.189,122.01636889822012
800,7.3,0.2286,31.7,0.0132672,123.209,121.79529270796142
1000,7.3,0.2286,31.7,0.0132672,119.09899999999999,121.53520307236295
1250,7.3,0.2286,31.7,0.0132672,120.509,121.21009102786485
1600,7.3,0.2286,31.7,0.0132672,119.039,120.7549341655675
2000,7.3,0.2286,31.7,0.0132672,115.309,120.23475489437055
2500,7.3,0.2286,31.7,0.0132672,114.709,119.58453080537436
3150,7.3,0.2286,31.7,0.0132672,113.229,118.7392394896793
4000,7.3,0.2286,31.7,0.0132672,112.639,117.63385853838577
5000,7.3,0.2286,31.7,0.0132672,111.029,116.33341036039337
6300,7.3,0.2286,31.7,0.0132672,110.689,114.64282772900327
800,0.0,0.1524,71.3,0.0015988,125.81700000000001,133.08417076260957
1000,0.0,0.1524,71.3,0.0015988,127.307,132.8240811270111
1250,0.0,0.1524,71.3,0.0015988,128.92700000000002,132.498969082513
1600,0.0,0.1524,71.3,0.0015988,129.667,132.04381222021567
2000,0.0,0.1524,71.3,0.0015988,128.64700000000002,131.52363294901872
2500,0.0,0.1524,71.3,0.0015988,128.127,130.87340886002252
3150,0.0,0.1524,71.3,0.0015988,129.377,130.02811754432747
4000,0.0,0.1524,71.3,0.0015988,128.857,128.92273659303393
5000,0.0,0.1524,71.3,0.0015988,126.45700000000001,127.62228841504154
6300,0.0,0.1524,71.3,0.0015988,125.427,125.93170578365144
8000,0.0,0.1524,71.3,0.0015988,122.527,123.72094388106437
10000,0.0,0.1524,71.3,0.0015988,120.24700000000001,121.12004752507958
12500,0.0,0.1524,71.3,0.0015988,117.087,117.86892708009862
16000,0.0,0.1524,71.3,0.0015988,113.29700000000001,113.31735845712524
500,0.0,0.1524,55.5,0.00172668,120.573,131.88139994568795
630,0.0,0.1524,55.5,0.00172668,123.583,131.71234168254892
800,0.0,0.1524,55.5,0.00172668,126.713,131.49126549229024
1000,0.0,0.1524,55.5,0.00172668,128.583,131.23117585669175
1250,0.0,0.1524,55.5,0.00172668,129.953,130.90606381219365
1600,0.0,0.1524,55.5,0.00172668,130.183,130.4509069498963
2000,0.0,0.1524,55.5,0.00172668,129.673,129.93072767869936
2500,0.0,0.1524,55.5,0.00172668,127.76299999999999,129.28050358970316
3150,0.0,0.1524,55.5,0.00172668,127.75299999999999,128.4352122740081
4000,0.0,0.1524,55.5,0.00172668,127.23299999999999,127.32983132271458
5000,0.0,0.1524,55.5,0.00172668,125.20299999999999,126.02938314472219
6300,0.0,0.1524,55.5,0.00172668,123.303,124.33880051333207
8000,0.0,0.1524,55.5,0.00172668,121.90299999999999,122.12803861074501
10000,0.0,0.1524,55.5,0.00172668,119.25299999999999,119.52714225476024
12500,0.0,0.1524,55.5,0.00172668,117.09299999999999,116.27602180977925
16000,0.0,0.1524,55.5,0.00172668,112.803,111.72445318680589
500,0.0,0.1524,39.6,0.00193287,119.51299999999999,130.26748858521796
630,0.0,0.1524,39.6,0.00193287,124.40299999999999,130.09843032207894
800,0.0,0.1524,39.6,0.00193287,127.90299999999999,129.87735413182023
1000,0.0,0.1524,39.6,0.00193287,130.033,129.61726449622176
1250,0.0,0.1524,39.6,0.00193287,131.023,129.29215245172367
1600,0.0,0.1524,39.6,0.00193287,131.013,128.83699558942632
2000,0.0,0.1524,39.6,0.00193287,129.63299999999998,128.31681631822937
2500,0.0,0.1524,39.6,0.00193287,126.863,127.66659222923317
3150,0.0,0.1524,39.6,0.00193287,125.603,126.82130091353812
4000,0.0,0.1524,39.6,0.00193287,125.34299999999999,125.71591996224458
5000,0.0,0.1524,39.6,0.00193287,123.45299999999999,124.41547178425219
6300,0.0,0.1524,39.6,0.00193287,121.31299999999999,122.72488915286209
8000,0.0,0.1524,39.6,0.00193287,120.553,120.51412725027502
10000,0.0,0.1524,39.6,0.00193287,115.413,117.91323089429024
500,0.0,0.1524,31.7,0.00209405,121.617,129.45732909751305
630,0.0,0.1524,31.7,0.00209405,125.99700000000001,129.28827083437406
800,0.0,0.1524,31.7,0.00209405,129.11700000000002,129.06719464411535
1000,0.0,0.1524,31.7,0.00209405,130.987,128.80710500851688
1250,0.0,0.1524,31.7,0.00209405,131.467,128.4819929640188
1600,0.0,0.1524,31.7,0.00209405,130.817,128.02683610172144
2000,0.0,0.1524,31.7,0.00209405,128.907,127.50665683052448
2500,0.0,0.1524,31.7,0.00209405,125.867,126.85643274152828
3150,0.0,0.1524,31.7,0.00209405,124.20700000000001,126.01114142583323
4000,0.0,0.1524,31.7,0.00209405,123.807,124.9057604745397
5000,0.0,0.1524,31.7,0.00209405,122.397,123.60531229654731
6300,0.0,0.1524,31.7,0.00209405,119.73700000000001,121.9147296651572
8000,0.0,0.1524,31.7,0.00209405,117.95700000000001,119.70396776257013
630,2.7,0.1524,71.3,0.00243851,127.404,132.0699307527455
800,2.7,0.1524,71.3,0.00243851,127.39399999999999,131.84885456248682
1000,2.7,0.1524,71.3,0.00243851,128.774,131.58876492688833
1250,2.7,0.1524,71.3,0.00243851,130.144,131.26365288239023
1600,2.7,0.1524,71.3,0.00243851,130.644,130.8084960200929
2000,2.7,0.1524,71.3,0.00243851,130.114,130.28831674889594
2500,2.7,0.1524,71.3,0.00243851,128.334,129.63809265989974
3150,2.7,0.1524,71.3,0.00243851,127.054,128.7928013442047
4000,2.7,0.1524,71.3,0.00243851,126.53399999999999,127.68742039291116
5000,2.7,0.1524,71.3,0.00243851,124.36399999999999,126.38697221491877
6300,2.7,0.1524,71.3,0.00243851,121.944,124.69638958352866
8000,2.7,0.1524,71.3,0.00243851,120.53399999999999,122.4856276809416
10000,2.7,0.1524,71.3,0.00243851,116.72399999999999,119.88473132495682
12500,2.7,0.1524,71.3,0.00243851,113.03399999999999,116.63361087997583
16000,2.7,0.1524,71.3,0.00243851,110.36399999999999,112.08204225700247
500,2.7,0.1524,39.6,0.00294804,121.009,129.00743972006453
630,2.7,0.1524,39.6,0.00294804,125.809,128.8383814569255
800,2.7,0.1524,39.6,0.00294804,128.829,128.6173052666668
1000,2.7,0.1524,39.6,0.00294804,130.589,128.35721563106833
1250,2.7,0.1524,39.6,0.00294804,130.829,128.03210358657023
1600,2.7,0.1524,39.6,0.00294804,130.049,127.57694672427289
2000,2.7,0.1524,39.6,0.00294804,128.139,127.05676745307592
2500,2.7,0.1524,39.6,0.00294804,125.589,126.40654336407974
3150,2.7,0.1524,39.6,0.00294804,122.919,125.56125204838467
4000,2.7,0.1524,39.6,0.00294804,121.889,124.45587109709115
5000,2.7,0.1524,39.6,0.00294804,121.499,123.15542291909875
6300,2.7,0.1524,39.6,0.00294804,119.209,121.46484028770865
8000,2.7,0.1524,39.6,0.00294804,116.65899999999999,119.25407838512159
10000,2.7,0.1524,39.6,0.00294804,112.589,116.6531820291368
12500,2.7,0.1524,39.6,0.00294804,108.649,113.40206158415582
400,5.4,0.1524,71.3,0.00401199,124.12100000000001,131.0302861527702
500,5.4,0.1524,71.3,0.00401199,126.291,130.90024133497096
630,5.4,0.1524,71.3,0.00401199,128.971,130.73118307183194
800,5.4,0.1524,71.3,0.00401199,131.281,130.51010688157325
1000,5.4,0.1524,71.3,0.00401199,133.201,130.25001724597476
1250,5.4,0.1524,71.3,0.00401199,134.111,129.92490520147666
1600,5.4,0.1524,71.3,0.00401199,133.241,129.46974833917932
2000,5.4,0.1524,71.3,0.00401199,131.111,128.94956906798237
2500,5.4,0.1524,71.3,0.00401199,127.59100000000001,128.29934497898617
3150,5.4,0.1524,71.3,0.00401199,123.311,127.45405366329112
4000,5.4,0.1524,71.3,0.00401199,121.431,126.3486727119976
5000,5.4,0.1524,71.3,0.00401199,120.061,125.0482245340052
6300,5.4,0.1524,71.3,0.00401199,116.411,123.35764190261509
400,5.4,0.1524,55.5,0.00433288,126.807,129.41017438708113
500,5.4,0.1524,55.5,0.00433288,129.36700000000002,129.28012956928188
630,5.4,0.1524,55.5,0.00433288,131.80700000000002,129.1110713061429
800,5.4,0.1524,55.5,0.00433288,133.097,128.88999511588418
1000,5.4,0.1524,55.5,0.00433288,132.127,128.6299054802857
1250,5.4,0.1524,55.5,0.00433288,130.77700000000002,128.3047934357876
1600,5.4,0.1524,55.5,0.00433288,130.567,127.84963657349026
2000,5.4,0.1524,55.5,0.00433288,128.707,127.3294573022933
2500,5.4,0.1524,55.5,0.00433288,124.07700000000001,126.67923321329711
3150,5.4,0.1524,55.5,0.00433288,121.587,125.83394189760206
4000,5.4,0.1524,55.5,0.00433288,119.73700000000001,124.72856094630852
5000,5.4,0.1524,55.5,0.00433288,118.757,123.42811276831614
6300,5.4,0.1524,55.5,0.00433288,117.287,121.73753013692603
8000,5.4,0.1524,55.5,0.00433288,114.927,119.52676823433896
315,5.4,0.1524,39.6,0.00485029,125.34700000000001,127.86293186372815
400,5.4,0.1524,39.6,0.00485029,127.637,127.75239376859881
500,5.4,0.1524,39.6,0.00485029,129.937,127.62234895079956
630,5.4,0.1524,39.6,0.00485029,132.357,127.45329068766056
800,5.4,0.1524,39.6,0.00485029,132.757,127.23221449740184
1000,5.4,0.1524,39.6,0.00485029,130.507,126.97212486180337
1250,5.4,0.1524,39.6,0.00485029,127.117,126.64701281730527
1600,5.4,0.1524,39.6,0.00485029,126.26700000000001,126.19185595500794
2000,5.4,0.1524,39.6,0.00485029,124.647,125.67167668381097
2500,5.4,0.1524,39.6,0.00485029,120.49700000000001,125.02145259481478
3150,5.4,0.1524,39.6,0.00485029,119.137,124.17616127911973
4000,5.4,0.1524,39.6,0.00485029,117.137,123.0707803278262
5000,5.4,0.1524,39.6,0.00485029,117.037,121.7703321498338
6300,5.4,0.1524,39.6,0.00485029,116.677,120.07974951844369
315,5.4,0.1524,31.7,0.00525474,125.741,127.01848128163132
400,5.4,0.1524,31.7,0.00525474,127.781,126.90794318650197
500,5.4,0.1524,31.7,0.00525474,129.681,126.77789836870274
630,5.4,0.1524,31.7,0.00525474,131.471,126.60884010556371
800,5.4,0.1524,31.7,0.00525474,131.491,126.38776391530502
1000,5.4,0.1524,31.7,0.00525474,128.241,126.12767427970654
1250,5.4,0.1524,31.7,0.00525474,123.991,125.80256223520844
1600,5.4,0.1524,31.7,0.00525474,123.76100000000001,125.3474053729111
2000,5.4,0.1524,31.7,0.00525474,122.771,124.82722610171415
2500,5.4,0.1524,31.7,0.00525474,119.15100000000001,124.17700201271795
3150,5.4,0.1524,31.7,0.00525474,118.291,123.3317106970229
4000,5.4,0.1524,31.7,0.00525474,116.181,122.22632974572936
5000,5.4,0.1524,31.7,0.00525474,115.691,120.92588156773698
6300,5.4,0.1524,31.7,0.00525474,115.59100000000001,119.23529893634687
315,7.2,0.1524,71.3,0.00752039,128.713,129.90164936545327
400,7.2,0.1524,71.3,0.00752039,130.123,129.7911112703239
500,7.2,0.1524,71.3,0.00752039,132.043,129.6610664525247
630,7.2,0.1524,71.3,0.00752039,134.85299999999998,129.49200818938567
800,7.2,0.1524,71.3,0.00752039,136.023,129.27093199912696
1000,7.2,0.1524,71.3,0.00752039,134.273,129.0108423635285
1250,7.2,0.1524,71.3,0.00752039,132.513,128.6857303190304
1600,7.2,0.1524,71.3,0.00752039,130.893,128.23057345673305
2000,7.2,0.1524,71.3,0.00752039,128.643,127.7103941855361
2500,7.2,0.1524,71.3,0.00752039,124.353,127.0601700965399
3150,7.2,0.1524,71.3,0.00752039,116.78299999999999,126.21487878084484
4000,7.2,0.1524,71.3,0.00752039,119.34299999999999,125.10949782955132
5000,7.2,0.1524,71.3,0.00752039,118.34299999999999,123.80904965155892
6300,7.2,0.1524,71.3,0.00752039,116.603,122.11846702016882
8000,7.2,0.1524,71.3,0.00752039,113.333,119.90770511758176
10000,7.2,0.1524,71.3,0.00752039,110.31299999999999,117.30680876159697
250,7.2,0.1524,39.6,0.00909175,127.488,126.6049547129461
315,7.2,0.1524,39.6,0.00909175,130.558,126.5204255813766
400,7.2,0.1524,39.6,0.00909175,132.118,126.40988748624724
500,7.2,0.1524,39.6,0.00909175,132.658,126.279842668448
630,7.2,0.1524,39.6,0.00909175,133.19799999999998,126.11078440530899
800,7.2,0.1524,39.6,0.00909175,132.358,125.88970821505029
1000,7.2,0.1524,39.6,0.00909175,128.338,125.6296185794518
1250,7.2,0.1524,39.6,0.00909175,122.428,125.3045065349537
1600,7.2,0.1524,39.6,0.00909175,120.05799999999999,124.84934967265637
2000,7.2,0.1524,39.6,0.00909175,120.228,124.32917040145942
2500,7.2,0.1524,39.6,0.00909175,117.478,123.67894631246322
3150,7.2,0.1524,39.6,0.00909175,111.818,122.83365499676816
4000,7.2,0.1524,39.6,0.00909175,114.258,121.72827404547463
5000,7.2,0.1524,39.6,0.00909175,113.288,120.42782586748224
6300,7.2,0.1524,39.6,0.00909175,112.68799999999999,118.73724323609214
8000,7.2,0.1524,39.6,0.00909175,111.588,116.52648133350507
10000,7.2,0.1524,39.6,0.00909175,110.868,113.92558497752029
200,9.9,0.1524,71.3,0.019300099999999997,134.319,127.2737933149669
250,9.9,0.1524,71.3,0.019300099999999997,135.329,127.20877090606727
315,9.9,0.1524,71.3,0.019300099999999997,135.459,127.12424177449776
400,9.9,0.1524,71.3,0.019300099999999997,135.079,127.0137036793684
500,9.9,0.1524,71.3,0.019300099999999997,131.279,126.88365886156917
630,9.9,0.1524,71.3,0.019300099999999997,129.889,126.71460059843017
800,9.9,0.1524,71.3,0.019300099999999997,128.879,126.49352440817145
1000,9.9,0.1524,71.3,0.019300099999999997,126.34899999999999,126.23343477257298
1250,9.9,0.1524,71.3,0.019300099999999997,122.679,125.90832272807488
1600,9.9,0.1524,71.3,0.019300099999999997,121.789,125.45316586577755
2000,9.9,0.1524,71.3,0.019300099999999997,120.779,124.93298659458058
2500,9.9,0.1524,71.3,0.019300099999999997,119.639,124.28276250558439
3150,9.9,0.1524,71.3,0.019300099999999997,116.84899999999999,123.43747118988934
4000,9.9,0.1524,71.3,0.019300099999999997,115.079,122.33209023859581
5000,9.9,0.1524,71.3,0.019300099999999997,114.569,121.03164206060342
6300,9.9,0.1524,71.3,0.019300099999999997,112.039,119.3410594292133
200,9.9,0.1524,55.5,0.0208438,131.955,125.48131548221895
250,9.9,0.1524,55.5,0.0208438,133.235,125.41629307331932
315,9.9,0.1524,55.5,0.0208438,132.355,125.33176394174981
400,9.9,0.1524,55.5,0.0208438,131.605,125.22122584662047
500,9.9,0.1524,55.5,0.0208438,127.815,125.09118102882123
630,9.9,0.1524,55.5,0.0208438,127.315,124.92212276568222
800,9.9,0.1524,55.5,0.0208438,126.565,124.7010465754235
1000,9.9,0.1524,55.5,0.0208438,124.665,124.44095693982503
1250,9.9,0.1524,55.5,0.0208438,121.635,124.11584489532693
1600,9.9,0.1524,55.5,0.0208438,119.875,123.6606880330296
2000,9.9,0.1524,55.5,0.0208438,119.505,123.14050876183263
2500,9.9,0.1524,55.5,0.0208438,118.365,122.49028467283645
3150,9.9,0.1524,55.5,0.0208438,115.085,121.64499335714139
4000,9.9,0.1524,55.5,0.0208438,112.945,120.53961240584786
5000,9.9,0.1524,55.5,0.0208438,112.065,119.23916422785547
6300,9.9,0.1524,55.5,0.0208438,110.555,117.54858159646535
200,9.9,0.1524,39.6,0.0233328,127.315,123.54562152139184
250,9.9,0.1524,39.6,0.0233328,128.335,123.48059911249221
315,9.9,0.1524,39.6,0.0233328,128.595,123.3960699809227
400,9.9,0.1524,39.6,0.0233328,128.345,123.28553188579335
500,9.9,0.1524,39.6,0.0233328,126.835,123.15548706799412
630,9.9,0.1524,39.6,0.0233328,126.465,122.98642880485511
800,9.9,0.1524,39.6,0.0233328,126.345,122.7653526145964
1000,9.9,0.1524,39.6,0.0233328,123.835,122.50526297899792
1250,9.9,0.1524,39.6,0.0233328,120.555,122.18015093449982
1600,9.9,0.1524,39.6,0.0233328,118.545,121.72499407220249
2000,9.9,0.1524,39.6,0.0233328,117.925,121.20481480100553
2500,9.9,0.1524,39.6,0.0233328,116.295,120.55459071200933
3150,9.9,0.1524,39.6,0.0233328,113.525,119.70929939631428
4000,9.9,0.1524,39.6,0.0233328,112.265,118.60391844502075
5000,9.9,0.1524,39.6,0.0233328,111.135,117.30347026702836
6300,9.9,0.1524,39.6,0.0233328,109.885,115.61288763563824
200,9.9,0.1524,31.7,0.0252785,127.29899999999999,122.48391789028943
250,9.9,0.1524,31.7,0.0252785,128.559,122.41889548138981
315,9.9,0.1524,31.7,0.0252785,128.809,122.3343663498203
400,9.9,0.1524,31.7,0.0252785,128.939,122.22382825469096
500,9.9,0.1524,31.7,0.0252785,127.179,122.09378343689171
630,9.9,0.1524,31.7,0.0252785,126.04899999999999,121.9247251737527
800,9.9,0.1524,31.7,0.0252785,125.539,121.70364898349399
1000,9.9,0.1524,31.7,0.0252785,122.149,121.44355934789552
1250,9.9,0.1524,31.7,0.0252785,118.619,121.11844730339742
1600,9.9,0.1524,31.7,0.0252785,117.119,120.66329044110009
2000,9.9,0.1524,31.7,0.0252785,116.859,120.14311116990312
2500,9.9,0.1524,31.7,0.0252785,114.729,119.49288708090694
3150,9.9,0.1524,31.7,0.0252785,112.209,118.64759576521188
4000,9.9,0.1524,31.7,0.0252785,111.459,117.54221481391835
5000,9.9,0.1524,31.7,0.0252785,109.949,116.24176663592596
6300,9.9,0.1524,31.7,0.0252785,108.689,114.55118400453586
200,12.6,0.1524,71.3,0.0483159,128.35399999999998,122.06680382267515
250,12.6,0.1524,71.3,0.0483159,129.744,122.00178141377555
315,12.6,0.1524,71.3,0.0483159,128.484,121.91725228220604
400,12.6,0.1524,71.3,0.0483159,127.094,121.80671418707668
500,12.6,0.1524,71.3,0.0483159,121.664,121.67666936927745
630,12.6,0.1524,71.3,0.0483159,123.304,121.50761110613844
800,12.6,0.1524,71.3,0.0483159,123.054,121.28653491587973
1000,12.6,0.1524,71.3,0.0483159,122.044,121.02644528028125
1250,12.6,0.1524,71.3,0.0483159,120.154,120.70133323578315
1600,12.6,0.1524,71.3,0.0483159,120.53399999999999,120.24617637348581
2000,12.6,0.1524,71.3,0.0483159,117.50399999999999,119.72599710228886
2500,12.6,0.1524,71.3,0.0483159,115.234,119.07577301329266
3150,12.6,0.1524,71.3,0.0483159,113.334,118.23048169759761
4000,12.6,0.1524,71.3,0.0483159,108.03399999999999,117.12510074630408
5000,12.6,0.1524,71.3,0.0483159,108.03399999999999,115.82465256831169
6300,12.6,0.1524,71.3,0.0483159,107.28399999999999,114.13406993692158
200,12.6,0.1524,39.6,0.058411300000000006,114.75,117.48403993813103
250,12.6,0.1524,39.6,0.058411300000000006,115.89,117.41901752923141
315,12.6,0.1524,39.6,0.058411300000000006,116.02,117.33448839766191
400,12.6,0.1524,39.6,0.058411300000000006,115.91,117.22395030253256
500,12.6,0.1524,39.6,0.058411300000000006,114.9,117.09390548473331
630,12.6,0.1524,39.6,0.058411300000000006,116.55,116.9248472215943
800,12.6,0.1524,39.6,0.058411300000000006,116.56,116.7037710313356
1000,12.6,0.1524,39.6,0.058411300000000006,114.67,116.44368139573712
1250,12.6,0.1524,39.6,0.058411300000000006,112.16,116.11856935123902
1600,12.6,0.1524,39.6,0.058411300000000006,110.78,115.66341248894169
2000,12.6,0.1524,39.6,0.058411300000000006,109.52,115.14323321774472
2500,12.6,0.1524,39.6,0.058411300000000006,106.88,114.49300912874854
3150,12.6,0.1524,39.6,0.058411300000000006,106.26,113.64771781305348
4000,12.6,0.1524,39.6,0.058411300000000006,104.5,112.54233686175995
5000,12.6,0.1524,39.6,0.058411300000000006,104.13,111.24188868376756
6300,12.6,0.1524,39.6,0.058411300000000006,103.38,109.55130605237746
800,0.0,0.0508,71.3,0.000740478,130.96,136.7745456144981
1000,0.0,0.0508,71.3,0.000740478,129.45,136.5144559788996
1250,0.0,0.0508,71.3,0.000740478,128.56,136.1893439344015
1600,0.0,0.0508,71.3,0.000740478,129.68,135.7341870721042
2000,0.0,0.0508,71.3,0.000740478,131.06,135.2140078009072
2500,0.0,0.0508,71.3,0.000740478,131.31,134.56378371191101
3150,0.0,0.0508,71.3,0.000740478,135.07,133.71849239621596
4000,0.0,0.0508,71.3,0.000740478,134.43,132.61311144492245
5000,0.0,0.0508,71.3,0.000740478,134.43,131.31266326693006
6300,0.0,0.0508,71.3,0.000740478,133.04,129.62208063553993
8000,0.0,0.0508,71.3,0.000740478,130.89,127.41131873295288
10000,0.0,0.0508,71.3,0.000740478,128.74,124.81042237696809
12500,0.0,0.0508,71.3,0.000740478,125.22,121.55930193198712
800,0.0,0.0508,55.5,0.00076193,124.336,135.19664232795785
1000,0.0,0.0508,55.5,0.00076193,125.586,134.93655269235938
1250,0.0,0.0508,55.5,0.00076193,127.07600000000001,134.6114406478613
1600,0.0,0.0508,55.5,0.00076193,128.576,134.15628378556394
2000,0.0,0.0508,55.5,0.00076193,131.45600000000002,133.636104514367
2500,0.0,0.0508,55.5,0.00076193,133.95600000000002,132.9858804253708
3150,0.0,0.0508,55.5,0.00076193,134.826,132.14058910967574
4000,0.0,0.0508,55.5,0.00076193,134.946,131.0352081583822
5000,0.0,0.0508,55.5,0.00076193,134.556,129.7347599803898
6300,0.0,0.0508,55.5,0.00076193,132.796,128.0441773489997
8000,0.0,0.0508,55.5,0.00076193,130.156,125.83341544641264
10000,0.0,0.0508,55.5,0.00076193,127.63600000000001,123.23251909042786
12500,0.0,0.0508,55.5,0.00076193,125.376,119.98139864544689
800,0.0,0.0508,39.6,0.000791822,126.508,133.60758175615524
1000,0.0,0.0508,39.6,0.000791822,127.63799999999999,133.34749212055675
1250,0.0,0.0508,39.6,0.000791822,129.148,133.02238007605865
1600,0.0,0.0508,39.6,0.000791822,130.908,132.5672232137613
2000,0.0,0.0508,39.6,0.000791822,132.918,132.04704394256436
2500,0.0,0.0508,39.6,0.000791822,134.938,131.39681985356816
3150,0.0,0.0508,39.6,0.000791822,135.938,130.5515285378731
4000,0.0,0.0508,39.6,0.000791822,135.308,129.44614758657957
5000,0.0,0.0508,39.6,0.000791822,134.308,128.1456994085872
6300,0.0,0.0508,39.6,0.000791822,131.918,126.45511677719709
8000,0.0,0.0508,39.6,0.000791822,128.518,124.24435487461002
10000,0.0,0.0508,39.6,0.000791822,125.99799999999999,121.64345851862524
12500,0.0,0.0508,39.6,0.000791822,123.988,118.39233807364427
800,0.0,0.0508,31.7,0.000812164,122.79,132.8172746512019
1000,0.0,0.0508,31.7,0.000812164,126.78,132.55718501560344
1250,0.0,0.0508,31.7,0.000812164,129.27,132.23207297110534
1600,0.0,0.0508,31.7,0.000812164,131.01,131.776916108808
2000,0.0,0.0508,31.7,0.000812164,133.01,131.25673683761104
2500,0.0,0.0508,31.7,0.000812164,134.87,130.60651274861485
3150,0.0,0.0508,31.7,0.000812164,135.49,129.7612214329198
4000,0.0,0.0508,31.7,0.000812164,134.11,128.65584048162626
5000,0.0,0.0508,31.7,0.000812164,133.23,127.35539230363388
6300,0.0,0.0508,31.7,0.000812164,130.34,125.66480967224376
8000,0.0,0.0508,31.7,0.000812164,126.59,123.4540477696567
10000,0.0,0.0508,31.7,0.000812164,122.45,120.85315141367192
12500,0.0,0.0508,31.7,0.000812164,119.07,117.60203096869094
1600,4.2,0.0508,71.3,0.00142788,124.318,133.89981143020057
2000,4.2,0.0508,71.3,0.00142788,129.84799999999998,133.37963215900362
2500,4.2,0.0508,71.3,0.00142788,131.97799999999998,132.72940807000742
3150,4.2,0.0508,71.3,0.00142788,133.72799999999998,131.88411675431237
4000,4.2,0.0508,71.3,0.00142788,133.59799999999998,130.77873580301883
5000,4.2,0.0508,71.3,0.00142788,132.828,129.47828762502644
6300,4.2,0.0508,71.3,0.00142788,129.308,127.78770499363634
8000,4.2,0.0508,71.3,0.00142788,125.26799999999999,125.57694309104927
10000,4.2,0.0508,71.3,0.00142788,121.238,122.9760467350645
12500,4.2,0.0508,71.3,0.00142788,117.32799999999999,119.72492629008353
1000,4.2,0.0508,39.6,0.00152689,125.647,131.50639752726053
1250,4.2,0.0508,39.6,0.00152689,128.42700000000002,131.18128548276243
1600,4.2,0.0508,39.6,0.00152689,130.197,130.7261286204651
2000,4.2,0.0508,39.6,0.00152689,132.58700000000002,130.20594934926814
2500,4.2,0.0508,39.6,0.00152689,133.847,129.55572526027194
3150,4.2,0.0508,39.6,0.00152689,133.58700000000002,128.7104339445769
4000,4.2,0.0508,39.6,0.00152689,131.80700000000002,127.60505299328335
5000,4.2,0.0508,39.6,0.00152689,129.77700000000002,126.30460481529096
6300,4.2,0.0508,39.6,0.00152689,125.71700000000001,124.61402218390086
8000,4.2,0.0508,39.6,0.00152689,120.397,122.40326028131379
10000,4.2,0.0508,39.6,0.00152689,116.96700000000001,119.802363925329
800,8.4,0.0508,71.3,0.00529514,127.556,132.6575647469733
1000,8.4,0.0508,71.3,0.00529514,129.946,132.3974751113748
1250,8.4,0.0508,71.3,0.00529514,132.086,132.0723630668767
1600,8.4,0.0508,71.3,0.00529514,133.846,131.6172062045794
2000,8.4,0.0508,71.3,0.00529514,134.476,131.0970269333824
2500,8.4,0.0508,71.3,0.00529514,134.226,130.4468028443862
3150,8.4,0.0508,71.3,0.00529514,131.966,129.60151152869116
4000,8.4,0.0508,71.3,0.00529514,126.926,128.49613057739765
5000,8.4,0.0508,71.3,0.00529514,121.146,127.19568239940524
400,8.4,0.0508,55.5,0.00544854,121.58200000000001,131.58124147433224
500,8.4,0.0508,55.5,0.00544854,123.742,131.451196656533
630,8.4,0.0508,55.5,0.00544854,126.152,131.28213839339398
800,8.4,0.0508,55.5,0.00544854,128.562,131.0610622031353
1000,8.4,0.0508,55.5,0.00544854,130.722,130.8009725675368
1250,8.4,0.0508,55.5,0.00544854,132.252,130.4758605230387
1600,8.4,0.0508,55.5,0.00544854,133.032,130.02070366074136
2000,8.4,0.0508,55.5,0.00544854,133.042,129.5005243895444
2500,8.4,0.0508,55.5,0.00544854,131.542,128.8503003005482
3150,8.4,0.0508,55.5,0.00544854,128.40200000000002,128.00500898485316
4000,8.4,0.0508,55.5,0.00544854,122.61200000000001,126.89962803355964
5000,8.4,0.0508,55.5,0.00544854,115.81200000000001,125.59917985556724
400,8.4,0.0508,39.6,0.00566229,120.015,129.96626446387003
500,8.4,0.0508,39.6,0.00566229,122.905,129.83621964607082
630,8.4,0.0508,39.6,0.00566229,126.045,129.6671613829318
800,8.4,0.0508,39.6,0.00566229,128.435,129.44608519267308
1000,8.4,0.0508,39.6,0.00566229,130.195,129.18599555707462
1250,8.4,0.0508,39.6,0.00566229,131.205,128.86088351257652
1600,8.4,0.0508,39.6,0.00566229,130.965,128.40572665027918
2000,8.4,0.0508,39.6,0.00566229,129.965,127.88554737908223
2500,8.4,0.0508,39.6,0.00566229,127.465,127.23532329008603
3150,8.4,0.0508,39.6,0.00566229,123.965,126.39003197439096
4000,8.4,0.0508,39.6,0.00566229,118.955,125.28465102309744
400,8.4,0.0508,31.7,0.00580776,120.07600000000001,129.15831944195583
500,8.4,0.0508,31.7,0.00580776,122.96600000000001,129.0282746241566
630,8.4,0.0508,31.7,0.00580776,125.85600000000001,128.8592163610176
800,8.4,0.0508,31.7,0.00580776,128.246,128.63814017075887
1000,8.4,0.0508,31.7,0.00580776,129.516,128.3780505351604
1250,8.4,0.0508,31.7,0.00580776,130.156,128.0529384906623
1600,8.4,0.0508,31.7,0.00580776,129.296,127.59778162836497
2000,8.4,0.0508,31.7,0.00580776,127.686,127.077602357168
2500,8.4,0.0508,31.7,0.00580776,125.57600000000001,126.42737826817181
3150,8.4,0.0508,31.7,0.00580776,122.086,125.58208695247676
4000,8.4,0.0508,31.7,0.00580776,118.10600000000001,124.47670600118323
200,11.2,0.0508,71.3,0.014072,125.941,131.04233620203195
250,11.2,0.0508,71.3,0.014072,127.101,130.97731379313234
315,11.2,0.0508,71.3,0.014072,128.381,130.8927846615628
400,11.2,0.0508,71.3,0.014072,129.281,130.78224656643346
500,11.2,0.0508,71.3,0.014072,130.311,130.65220174863424
630,11.2,0.0508,71.3,0.014072,133.611,130.48314348549522
800,11.2,0.0508,71.3,0.014072,136.031,130.2620672952365
1000,11.2,0.0508,71.3,0.014072,136.941,130.00197765963804
1250,11.2,0.0508,71.3,0.014072,136.191,129.67686561513995
1600,11.2,0.0508,71.3,0.014072,135.191,129.2217087528426
2000,11.2,0.0508,71.3,0.014072,133.311,128.70152948164565
2500,11.2,0.0508,71.3,0.014072,130.541,128.05130539264945
3150,11.2,0.0508,71.3,0.014072,127.141,127.20601407695439
4000,11.2,0.0508,71.3,0.014072,122.471,126.10063312566086
200,11.2,0.0508,39.6,0.015047799999999998,125.01,127.74506195622989
250,11.2,0.0508,39.6,0.015047799999999998,126.43,127.68003954733027
315,11.2,0.0508,39.6,0.015047799999999998,128.99,127.59551041576076
400,11.2,0.0508,39.6,0.015047799999999998,130.67,127.48497232063141
500,11.2,0.0508,39.6,0.015047799999999998,131.96,127.35492750283217
630,11.2,0.0508,39.6,0.015047799999999998,133.13,127.18586923969316
800,11.2,0.0508,39.6,0.015047799999999998,133.79,126.96479304943445
1000,11.2,0.0508,39.6,0.015047799999999998,132.43,126.70470341383597
1250,11.2,0.0508,39.6,0.015047799999999998,130.05,126.37959136933787
1600,11.2,0.0508,39.6,0.015047799999999998,126.54,125.92443450704054
2000,11.2,0.0508,39.6,0.015047799999999998,124.42,125.40425523584358
2500,11.2,0.0508,39.6,0.015047799999999998,122.17,124.75403114684738
3150,11.2,0.0508,39.6,0.015047799999999998,119.67,123.90873983115233
4000,11.2,0.0508,39.6,0.015047799999999998,115.52,122.8033588798588
200,15.4,0.0508,71.3,0.0264269,123.595,127.56332178331316
250,15.4,0.0508,71.3,0.0264269,124.835,127.49829937441353
315,15.4,0.0508,71.3,0.0264269,126.195,127.41377024284404
400,15.4,0.0508,71.3,0.0264269,126.805,127.30323214771468
500,15.4,0.0508,71.3,0.0264269,127.285,127.17318732991544
630,15.4,0.0508,71.3,0.0264269,129.645,127.00412906677643
800,15.4,0.0508,71.3,0.0264269,131.515,126.78305287651773
1000,15.4,0.0508,71.3,0.0264269,131.865,126.52296324091924
1250,15.4,0.0508,71.3,0.0264269,130.845,126.19785119642114
1600,15.4,0.0508,71.3,0.0264269,130.065,125.74269433412381
2000,15.4,0.0508,71.3,0.0264269,129.285,125.22251506292685
2500,15.4,0.0508,71.3,0.0264269,127.625,124.57229097393066
3150,15.4,0.0508,71.3,0.0264269,125.715,123.7269996582356
4000,15.4,0.0508,71.3,0.0264269,122.675,122.62161870694207
5000,15.4,0.0508,71.3,0.0264269,119.135,121.32117052894968
6300,15.4,0.0508,71.3,0.0264269,115.215,119.63058789755958
8000,15.4,0.0508,71.3,0.0264269,112.675,117.41982599497251
200,15.4,0.0508,55.5,0.0271925,122.94,125.88052414354574
250,15.4,0.0508,55.5,0.0271925,124.17,125.81550173464612
315,15.4,0.0508,55.5,0.0271925,125.39,125.73097260307661
400,15.4,0.0508,55.5,0.0271925,126.5,125.62043450794725
500,15.4,0.0508,55.5,0.0271925,127.22,125.49038969014802
630,15.4,0.0508,55.5,0.0271925,129.33,125.32133142700901
800,15.4,0.0508,55.5,0.0271925,130.43,125.1002552367503
1000,15.4,0.0508,55.5,0.0271925,130.4,124.84016560115182
1250,15.4,0.0508,55.5,0.0271925,130.0,124.51505355665373
1600,15.4,0.0508,55.5,0.0271925,128.2,124.05989669435638
2000,15.4,0.0508,55.5,0.0271925,127.04,123.53971742315943
2500,15.4,0.0508,55.5,0.0271925,125.63,122.88949333416323
3150,15.4,0.0508,55.5,0.0271925,123.46,122.04420201846818
4000,15.4,0.0508,55.5,0.0271925,120.92,120.93882106717464
5000,15.4,0.0508,55.5,0.0271925,117.11,119.63837288918226
6300,15.4,0.0508,55.5,0.0271925,112.93,117.94779025779215
200,15.4,0.0508,39.6,0.0282593,121.78299999999999,124.14530206352688
250,15.4,0.0508,39.6,0.0282593,122.89299999999999,124.08027965462726
315,15.4,0.0508,39.6,0.0282593,124.493,123.99575052305775
400,15.4,0.0508,39.6,0.0282593,125.353,123.8852124279284
500,15.4,0.0508,39.6,0.0282593,125.963,123.75516761012916
630,15.4,0.0508,39.6,0.0282593,127.443,123.58610934699016
800,15.4,0.0508,39.6,0.0282593,128.423,123.36503315673144
1000,15.4,0.0508,39.6,0.0282593,127.89299999999999,123.10494352113297
1250,15.4,0.0508,39.6,0.0282593,126.743,122.77983147663487
1600,15.4,0.0508,39.6,0.0282593,124.84299999999999,122.32467461433754
2000,15.4,0.0508,39.6,0.0282593,123.443,121.80449534314057
2500,15.4,0.0508,39.6,0.0282593,122.413,121.15427125414438
3150,15.4,0.0508,39.6,0.0282593,120.51299999999999,120.30897993844933
4000,15.4,0.0508,39.6,0.0282593,118.113,119.2035989871558
5000,15.4,0.0508,39.6,0.0282593,114.45299999999999,117.9031508091634
6300,15.4,0.0508,39.6,0.0282593,109.663,116.2125681777733
200,15.4,0.0508,31.7,0.028985300000000002,119.975,123.25552611701302
250,15.4,0.0508,31.7,0.028985300000000002,121.225,123.1905037081134
315,15.4,0.0508,31.7,0.028985300000000002,122.845,123.1059745765439
400,15.4,0.0508,31.7,0.028985300000000002,123.705,122.99543648141454
500,15.4,0.0508,31.7,0.028985300000000002,123.695,122.86539166361531
630,15.4,0.0508,31.7,0.028985300000000002,124.685,122.69633340047629
800,15.4,0.0508,31.7,0.028985300000000002,125.555,122.47525721021759
1000,15.4,0.0508,31.7,0.028985300000000002,124.525,122.21516757461912
1250,15.4,0.0508,31.7,0.028985300000000002,123.255,121.89005553012102
1600,15.4,0.0508,31.7,0.028985300000000002,121.485,121.43489866782367
2000,15.4,0.0508,31.7,0.028985300000000002,120.835,120.91471939662672
2500,15.4,0.0508,31.7,0.028985300000000002,119.945,120.26449530763053
3150,15.4,0.0508,31.7,0.028985300000000002,118.045,119.41920399193548
4000,15.4,0.0508,31.7,0.028985300000000002,115.635,118.31382304064194
5000,15.4,0.0508,31.7,0.028985300000000002,112.355,117.01337486264956
6300,15.4,0.0508,31.7,0.028985300000000002,108.185,115.32279223125944
200,19.7,0.0508,71.3,0.034118300000000004,118.005,124.70030105666378
250,19.7,0.0508,71.3,0.034118300000000004,119.115,124.63527864776415
315,19.7,0.0508,71.3,0.034118300000000004,121.235,124.55074951619466
400,19.7,0.0508,71.3,0.034118300000000004,123.865,124.4402114210653
500,19.7,0.0508,71.3,0.034118300000000004,126.995,124.31016660326605
630,19.7,0.0508,71.3,0.034118300000000004,128.365,124.14110834012705
800,19.7,0.0508,71.3,0.034118300000000004,124.555,123.92003214986833
1000,19.7,0.0508,71.3,0.034118300000000004,121.885,123.65994251426986
1250,19.7,0.0508,71.3,0.034118300000000004,121.485,123.33483046977176
1600,19.7,0.0508,71.3,0.034118300000000004,120.575,122.87967360747443
2000,19.7,0.0508,71.3,0.034118300000000004,120.055,122.35949433627746
2500,19.7,0.0508,71.3,0.034118300000000004,118.385,121.70927024728127
3150,19.7,0.0508,71.3,0.034118300000000004,116.225,120.86397893158622
4000,19.7,0.0508,71.3,0.034118300000000004,113.045,119.75859798029269
200,19.7,0.0508,39.6,0.036483999999999996,125.97399999999999,121.20710790554925
250,19.7,0.0508,39.6,0.036483999999999996,127.22399999999999,121.14208549664963
315,19.7,0.0508,39.6,0.036483999999999996,129.864,121.05755636508012
400,19.7,0.0508,39.6,0.036483999999999996,130.614,120.94701826995077
500,19.7,0.0508,39.6,0.036483999999999996,128.444,120.81697345215153
630,19.7,0.0508,39.6,0.036483999999999996,120.324,120.64791518901252
800,19.7,0.0508,39.6,0.036483999999999996,119.17399999999999,120.42683899875381
1000,19.7,0.0508,39.6,0.036483999999999996,118.904,120.16674936315533
1250,19.7,0.0508,39.6,0.036483999999999996,118.634,119.84163731865723
1600,19.7,0.0508,39.6,0.036483999999999996,117.604,119.38648045635989
2000,19.7,0.0508,39.6,0.036483999999999996,117.72399999999999,118.86630118516294
2500,19.7,0.0508,39.6,0.036483999999999996,116.184,118.21607709616674
3150,19.7,0.0508,39.6,0.036483999999999996,113.00399999999999,117.37078578047169
4000,19.7,0.0508,39.6,0.036483999999999996,108.684,116.26540482917817
2500,0.0,0.0254,71.3,0.00040068199999999997,133.707,135.504027675756
3150,0.0,0.0254,71.3,0.00040068199999999997,137.007,134.65873636006094
4000,0.0,0.0254,71.3,0.00040068199999999997,138.55700000000002,133.5533554087674
5000,0.0,0.0254,71.3,0.00040068199999999997,136.83700000000002,132.252907230775
6300,0.0,0.0254,71.3,0.00040068199999999997,134.987,130.5623245993849
8000,0.0,0.0254,71.3,0.00040068199999999997,129.86700000000002,128.35156269679786
10000,0.0,0.0254,71.3,0.00040068199999999997,130.787,125.75066634081307
12500,0.0,0.0254,71.3,0.00040068199999999997,133.207,122.49954589583209
16000,0.0,0.0254,71.3,0.00040068199999999997,130.477,117.94797727285872
20000,0.0,0.0254,71.3,0.00040068199999999997,123.21700000000001,112.74618456088916
2000,0.0,0.0254,55.5,0.00041229,127.62299999999999,134.5777360785457
2500,0.0,0.0254,55.5,0.00041229,130.07299999999998,133.92751198954952
3150,0.0,0.0254,55.5,0.00041229,130.503,133.08222067385447
4000,0.0,0.0254,55.5,0.00041229,133.22299999999998,131.97683972256092
5000,0.0,0.0254,55.5,0.00041229,135.803,130.67639154456853
6300,0.0,0.0254,55.5,0.00041229,136.10299999999998,128.98580891317843
8000,0.0,0.0254,55.5,0.00041229,136.16299999999998,126.77504701059136
10000,0.0,0.0254,55.5,0.00041229,134.563,124.17415065460659
12500,0.0,0.0254,55.5,0.00041229,131.453,120.92303020962561
16000,0.0,0.0254,55.5,0.00041229,125.68299999999999,116.37146158665225
20000,0.0,0.0254,55.5,0.00041229,121.93299999999999,111.16966887468269
1600,0.0,0.0254,39.6,0.00042846400000000004,124.156,133.51078845341533
2000,0.0,0.0254,39.6,0.00042846400000000004,130.026,132.99060918221835
2500,0.0,0.0254,39.6,0.00042846400000000004,131.836,132.34038509322215
3150,0.0,0.0254,39.6,0.00042846400000000004,133.276,131.4950937775271
4000,0.0,0.0254,39.6,0.00042846400000000004,135.346,130.3897128262336
5000,0.0,0.0254,39.6,0.00042846400000000004,136.536,129.0892646482412
6300,0.0,0.0254,39.6,0.00042846400000000004,136.826,127.39868201685108
8000,0.0,0.0254,39.6,0.00042846400000000004,135.866,125.18792011426402
10000,0.0,0.0254,39.6,0.00042846400000000004,133.376,122.58702375827923
12500,0.0,0.0254,39.6,0.00042846400000000004,129.116,119.33590331329826
16000,0.0,0.0254,39.6,0.00042846400000000004,124.986,114.7843346903249
1000,0.0,0.0254,31.7,0.000439472,125.12700000000001,133.5020659665044
1250,0.0,0.0254,31.7,0.000439472,127.947,133.1769539220063
1600,0.0,0.0254,31.7,0.000439472,129.267,132.721797059709
2000,0.0,0.0254,31.7,0.000439472,130.697,132.20161778851204
2500,0.0,0.0254,31.7,0.000439472,132.89700000000002,131.55139369951584
3150,0.0,0.0254,31.7,0.000439472,135.227,130.70610238382076
4000,0.0,0.0254,31.7,0.000439472,137.047,129.60072143252725
5000,0.0,0.0254,31.7,0.000439472,138.607,128.30027325453486
6300,0.0,0.0254,31.7,0.000439472,138.537,126.60969062314474
8000,0.0,0.0254,31.7,0.000439472,137.207,124.39892872055768
10000,0.0,0.0254,31.7,0.000439472,134.227,121.7980323645729
12500,0.0,0.0254,31.7,0.000439472,128.977,118.54691191959192
16000,0.0,0.0254,31.7,0.000439472,125.62700000000001,113.99534329661856
2000,4.8,0.0254,71.3,0.000848633,128.398,134.10541744516772
2500,4.8,0.0254,71.3,0.000848633,130.828,133.45519335617152
3150,4.8,0.0254,71.3,0.000848633,133.378,132.60990204047647
4000,4.8,0.0254,71.3,0.000848633,134.928,131.50452108918296
5000,4.8,0.0254,71.3,0.000848633,135.468,130.20407291119056
6300,4.8,0.0254,71.3,0.000848633,134.498,128.51349027980046
8000,4.8,0.0254,71.3,0.000848633,131.518,126.30272837721338
10000,4.8,0.0254,71.3,0.000848633,127.398,123.70183202122861
12500,4.8,0.0254,71.3,0.000848633,127.68799999999999,120.45071157624763
16000,4.8,0.0254,71.3,0.000848633,124.208,115.89914295327426
20000,4.8,0.0254,71.3,0.000848633,119.708,110.69735024130469
1600,4.8,0.0254,55.5,0.000873218,121.47399999999999,133.04725180529726
2000,4.8,0.0254,55.5,0.000873218,125.054,132.5270725341003
2500,4.8,0.0254,55.5,0.000873218,129.144,131.87684844510412
3150,4.8,0.0254,55.5,0.000873218,132.35399999999998,131.03155712940904
4000,4.8,0.0254,55.5,0.000873218,133.924,129.92617617811553
5000,4.8,0.0254,55.5,0.000873218,135.484,128.62572800012313
6300,4.8,0.0254,55.5,0.000873218,135.164,126.93514536873302
8000,4.8,0.0254,55.5,0.000873218,132.184,124.72438346614595
10000,4.8,0.0254,55.5,0.000873218,126.944,122.12348711016118
12500,4.8,0.0254,55.5,0.000873218,125.094,118.8723666651802
16000,4.8,0.0254,55.5,0.000873218,124.39399999999999,114.32079804220683
20000,4.8,0.0254,55.5,0.000873218,121.28399999999999,109.11900533023727
500,4.8,0.0254,39.6,0.000907475,116.366,132.88806894327885
630,4.8,0.0254,39.6,0.000907475,118.696,132.71901068013986
800,4.8,0.0254,39.6,0.000907475,120.766,132.49793448988115
1000,4.8,0.0254,39.6,0.000907475,122.956,132.23784485428266
1250,4.8,0.0254,39.6,0.000907475,125.02600000000001,131.91273280978456
1600,4.8,0.0254,39.6,0.000907475,125.96600000000001,131.45757594748724
2000,4.8,0.0254,39.6,0.000907475,128.916,130.9373966762903
2500,4.8,0.0254,39.6,0.000907475,131.236,130.2871725872941
3150,4.8,0.0254,39.6,0.000907475,133.436,129.44188127159902
4000,4.8,0.0254,39.6,0.000907475,134.996,128.3365003203055
5000,4.8,0.0254,39.6,0.000907475,135.42600000000002,127.03605214231311
6300,4.8,0.0254,39.6,0.000907475,134.336,125.345469510923
8000,4.8,0.0254,39.6,0.000907475,131.346,123.13470760833593
10000,4.8,0.0254,39.6,0.000907475,126.066,120.53381125235116
500,4.8,0.0254,31.7,0.0009307889999999999,116.12799999999999,132.09734290819634
630,4.8,0.0254,31.7,0.0009307889999999999,120.07799999999999,131.92828464505732
800,4.8,0.0254,31.7,0.0009307889999999999,122.648,131.7072084547986
1000,4.8,0.0254,31.7,0.0009307889999999999,125.348,131.44711881920014
1250,4.8,0.0254,31.7,0.0009307889999999999,127.40799999999999,131.12200677470204
1600,4.8,0.0254,31.7,0.0009307889999999999,128.718,130.6668499124047
2000,4.8,0.0254,31.7,0.0009307889999999999,130.148,130.14667064120775
2500,4.8,0.0254,31.7,0.0009307889999999999,132.588,129.49644655221155
3150,4.8,0.0254,31.7,0.0009307889999999999,134.268,128.6511552365165
4000,4.8,0.0254,31.7,0.0009307889999999999,135.328,127.54577428522296
5000,4.8,0.0254,31.7,0.0009307889999999999,135.248,126.24532610723057
6300,4.8,0.0254,31.7,0.0009307889999999999,132.898,124.55474347584047
8000,4.8,0.0254,31.7,0.0009307889999999999,127.008,122.3439815732534
630,9.5,0.0254,71.3,0.00420654,125.726,133.4693812349728
800,9.5,0.0254,71.3,0.00420654,127.206,133.2483050447141
1000,9.5,0.0254,71.3,0.00420654,129.556,132.9882154091156
1250,9.5,0.0254,71.3,0.00420654,131.656,132.6631033646175
1600,9.5,0.0254,71.3,0.00420654,133.756,132.20794650232017
2000,9.5,0.0254,71.3,0.00420654,134.976,131.68776723112322
2500,9.5,0.0254,71.3,0.00420654,135.95600000000002,131.03754314212702
3150,9.5,0.0254,71.3,0.00420654,136.166,130.19225182643197
4000,9.5,0.0254,71.3,0.00420654,134.236,129.08687087513843
5000,9.5,0.0254,71.3,0.00420654,131.186,127.78642269714605
6300,9.5,0.0254,71.3,0.00420654,127.24600000000001,126.09584006575595
400,9.5,0.0254,55.5,0.0043284,120.95200000000001,132.17642761873364
500,9.5,0.0254,55.5,0.0043284,123.08200000000001,132.0463828009344
630,9.5,0.0254,55.5,0.0043284,125.45200000000001,131.87732453779537
800,9.5,0.0254,55.5,0.0043284,128.082,131.6562483475367
1000,9.5,0.0254,55.5,0.0043284,130.332,131.3961587119382
1250,9.5,0.0254,55.5,0.0043284,132.202,131.0710466674401
1600,9.5,0.0254,55.5,0.0043284,133.062,130.61588980514276
2000,9.5,0.0254,55.5,0.0043284,134.05200000000002,130.0957105339458
2500,9.5,0.0254,55.5,0.0043284,134.15200000000002,129.4454864449496
3150,9.5,0.0254,55.5,0.0043284,133.252,128.60019512925456
4000,9.5,0.0254,55.5,0.0043284,131.582,127.49481417796103
5000,9.5,0.0254,55.5,0.0043284,128.412,126.19436599996864
6300,9.5,0.0254,55.5,0.0043284,124.22200000000001,124.50378336857852
200,9.5,0.0254,39.6,0.00449821,116.074,130.8277339820521
250,9.5,0.0254,39.6,0.00449821,116.92399999999999,130.7627115731525
315,9.5,0.0254,39.6,0.00449821,119.294,130.67818244158298
400,9.5,0.0254,39.6,0.00449821,121.154,130.56764434645362
500,9.5,0.0254,39.6,0.00449821,123.89399999999999,130.4375995286544
630,9.5,0.0254,39.6,0.00449821,126.514,130.26854126551538
800,9.5,0.0254,39.6,0.00449821,129.014,130.04746507525667
1000,9.5,0.0254,39.6,0.00449821,130.374,129.7873754396582
1250,9.5,0.0254,39.6,0.00449821,130.964,129.4622633951601
1600,9.5,0.0254,39.6,0.00449821,131.184,129.00710653286276
2000,9.5,0.0254,39.6,0.00449821,131.274,128.4869272616658
2500,9.5,0.0254,39.6,0.00449821,131.234,127.83670317266962
3150,9.5,0.0254,39.6,0.00449821,129.934,126.99141185697457
4000,9.5,0.0254,39.6,0.00449821,127.86399999999999,125.88603090568103
5000,9.5,0.0254,39.6,0.00449821,125.044,124.58558272768863
6300,9.5,0.0254,39.6,0.00449821,120.324,122.89500009629853
200,9.5,0.0254,31.7,0.00461377,119.146,130.0240050436388
250,9.5,0.0254,31.7,0.00461377,120.13600000000001,129.9589826347392
315,9.5,0.0254,31.7,0.00461377,122.766,129.87445350316966
400,9.5,0.0254,31.7,0.00461377,124.756,129.7639154080403
500,9.5,0.0254,31.7,0.00461377,126.88600000000001,129.6338705902411
630,9.5,0.0254,31.7,0.00461377,129.006,129.46481232710207
800,9.5,0.0254,31.7,0.00461377,130.746,129.24373613684335
1000,9.5,0.0254,31.7,0.00461377,131.346,128.9836465012449
1250,9.5,0.0254,31.7,0.00461377,131.446,128.6585344567468
1600,9.5,0.0254,31.7,0.00461377,131.036,128.20337759444945
2000,9.5,0.0254,31.7,0.00461377,130.496,127.6831983232525
2500,9.5,0.0254,31.7,0.00461377,130.086,127.0329742342563
3150,9.5,0.0254,31.7,0.00461377,128.536,126.18768291856125
4000,9.5,0.0254,31.7,0.00461377,126.736,125.08230196726771
5000,9.5,0.0254,31.7,0.00461377,124.426,123.78185378927532
6300,9.5,0.0254,31.7,0.00461377,120.726,122.09127115788522
250,12.7,0.0254,71.3,0.012180799999999999,119.698,131.51571347941479
315,12.7,0.0254,71.3,0.012180799999999999,122.93799999999999,131.4311843478453
400,12.7,0.0254,71.3,0.012180799999999999,125.04799999999999,131.32064625271593
500,12.7,0.0254,71.3,0.012180799999999999,126.898,131.1906014349167
630,12.7,0.0254,71.3,0.012180799999999999,128.878,131.0215431717777
800,12.7,0.0254,71.3,0.012180799999999999,130.34799999999998,130.80046698151898
1000,12.7,0.0254,71.3,0.012180799999999999,131.69799999999998,130.5403773459205
1250,12.7,0.0254,71.3,0.012180799999999999,133.048,130.2152653014224
1600,12.7,0.0254,71.3,0.012180799999999999,134.528,129.76010843912508
2000,12.7,0.0254,71.3,0.012180799999999999,134.22799999999998,129.2399291679281
2500,12.7,0.0254,71.3,0.012180799999999999,134.058,128.5897050789319
3150,12.7,0.0254,71.3,0.012180799999999999,133.75799999999998,127.74441376323686
4000,12.7,0.0254,71.3,0.012180799999999999,131.808,126.63903281194332
5000,12.7,0.0254,71.3,0.012180799999999999,128.97799999999998,125.33858463395093
6300,12.7,0.0254,71.3,0.012180799999999999,125.398,123.64800200256083
8000,12.7,0.0254,71.3,0.012180799999999999,120.538,121.43724009997376
10000,12.7,0.0254,71.3,0.012180799999999999,114.41799999999999,118.83634374398898
250,12.7,0.0254,39.6,0.013025299999999998,121.54700000000001,128.2369471494826
315,12.7,0.0254,39.6,0.013025299999999998,123.537,128.15241801791308
400,12.7,0.0254,39.6,0.013025299999999998,125.527,128.04187992278375
500,12.7,0.0254,39.6,0.013025299999999998,127.12700000000001,127.9118351049845
630,12.7,0.0254,39.6,0.013025299999999998,128.86700000000002,127.74277684184548
800,12.7,0.0254,39.6,0.013025299999999998,130.217,127.52170065158678
1000,12.7,0.0254,39.6,0.013025299999999998,130.947,127.26161101598831
1250,12.7,0.0254,39.6,0.013025299999999998,130.77700000000002,126.93649897149021
1600,12.7,0.0254,39.6,0.013025299999999998,129.977,126.48134210919287
2000,12.7,0.0254,39.6,0.013025299999999998,129.567,125.96116283799591
2500,12.7,0.0254,39.6,0.013025299999999998,129.02700000000002,125.31093874899972
3150,12.7,0.0254,39.6,0.013025299999999998,127.84700000000001,124.46564743330467
4000,12.7,0.0254,39.6,0.013025299999999998,126.537,123.36026648201113
5000,12.7,0.0254,39.6,0.013025299999999998,125.10700000000001,122.05981830401875
6300,12.7,0.0254,39.6,0.013025299999999998,123.177,120.36923567262863
8000,12.7,0.0254,39.6,0.013025299999999998,120.60700000000001,118.15847377004157
10000,12.7,0.0254,39.6,0.013025299999999998,116.01700000000001,115.5575774140568
200,17.4,0.0254,71.3,0.016104,112.506,129.0834025418569
250,17.4,0.0254,71.3,0.016104,113.796,129.0183801329573
315,17.4,0.0254,71.3,0.016104,115.846,128.9338510013878
400,17.4,0.0254,71.3,0.016104,117.396,128.82331290625845
500,17.4,0.0254,71.3,0.016104,119.806,128.6932680884592
630,17.4,0.0254,71.3,0.016104,122.60600000000001,128.5242098253202
800,17.4,0.0254,71.3,0.016104,124.27600000000001,128.3031336350615
1000,17.4,0.0254,71.3,0.016104,125.816,128.043043999463
1250,17.4,0.0254,71.3,0.016104,126.35600000000001,127.71793195496491
1600,17.4,0.0254,71.3,0.016104,126.406,127.26277509266758
2000,17.4,0.0254,71.3,0.016104,126.82600000000001,126.74259582147062
2500,17.4,0.0254,71.3,0.016104,126.74600000000001,126.09237173247443
3150,17.4,0.0254,71.3,0.016104,126.536,125.24708041677937
4000,17.4,0.0254,71.3,0.016104,125.586,124.14169946548584
5000,17.4,0.0254,71.3,0.016104,123.126,122.84125128749345
6300,17.4,0.0254,71.3,0.016104,119.916,121.15066865610333
8000,17.4,0.0254,71.3,0.016104,115.46600000000001,118.93990675351628
200,17.4,0.0254,55.5,0.016570599999999998,109.95100000000001,127.4427516411991
250,17.4,0.0254,55.5,0.016570599999999998,110.491,127.37772923229949
315,17.4,0.0254,55.5,0.016570599999999998,111.911,127.29320010072998
400,17.4,0.0254,55.5,0.016570599999999998,115.461,127.18266200560062
500,17.4,0.0254,55.5,0.016570599999999998,119.62100000000001,127.05261718780139
630,17.4,0.0254,55.5,0.016570599999999998,122.411,126.88355892466237
800,17.4,0.0254,55.5,0.016570599999999998,123.09100000000001,126.66248273440367
1000,17.4,0.0254,55.5,0.016570599999999998,126.001,126.40239309880519
1250,17.4,0.0254,55.5,0.016570599999999998,129.30100000000002,126.0772810543071
1600,17.4,0.0254,55.5,0.016570599999999998,126.471,125.62212419200975
2000,17.4,0.0254,55.5,0.016570599999999998,125.26100000000001,125.1019449208128
2500,17.4,0.0254,55.5,0.016570599999999998,124.931,124.4517208318166
3150,17.4,0.0254,55.5,0.016570599999999998,124.101,123.60642951612155
4000,17.4,0.0254,55.5,0.016570599999999998,121.771,122.50104856482801
5000,17.4,0.0254,55.5,0.016570599999999998,118.941,121.20060038683563
6300,17.4,0.0254,55.5,0.016570599999999998,114.861,119.51001775544552
200,17.4,0.0254,39.6,0.0172206,114.044,125.76628126974506
250,17.4,0.0254,39.6,0.0172206,114.714,125.70125886084544
315,17.4,0.0254,39.6,0.0172206,115.14399999999999,125.61672972927593
400,17.4,0.0254,39.6,0.0172206,115.444,125.50619163414659
500,17.4,0.0254,39.6,0.0172206,117.514,125.37614681634734
630,17.4,0.0254,39.6,0.0172206,124.514,125.20708855320834
800,17.4,0.0254,39.6,0.0172206,135.32399999999998,124.98601236294962
1000,17.4,0.0254,39.6,0.0172206,138.274,124.72592272735115
1250,17.4,0.0254,39.6,0.0172206,131.364,124.40081068285305
1600,17.4,0.0254,39.6,0.0172206,127.61399999999999,123.94565382055572
2000,17.4,0.0254,39.6,0.0172206,126.64399999999999,123.42547454935875
2500,17.4,0.0254,39.6,0.0172206,124.154,122.77525046036257
3150,17.4,0.0254,39.6,0.0172206,123.564,121.9299591446675
4000,17.4,0.0254,39.6,0.0172206,122.72399999999999,120.82457819337398
5000,17.4,0.0254,39.6,0.0172206,119.854,119.52413001538159
200,17.4,0.0254,31.7,0.017663099999999998,116.146,124.9164671979388
250,17.4,0.0254,31.7,0.017663099999999998,116.956,124.85144478903918
315,17.4,0.0254,31.7,0.017663099999999998,118.416,124.76691565746968
400,17.4,0.0254,31.7,0.017663099999999998,120.766,124.65637756234032
500,17.4,0.0254,31.7,0.017663099999999998,127.676,124.52633274454108
630,17.4,0.0254,31.7,0.017663099999999998,136.886,124.35727448140207
800,17.4,0.0254,31.7,0.017663099999999998,139.226,124.13619829114336
1000,17.4,0.0254,31.7,0.017663099999999998,131.796,123.87610865554488
1250,17.4,0.0254,31.7,0.017663099999999998,128.306,123.55099661104678
1600,17.4,0.0254,31.7,0.017663099999999998,126.846,123.09583974874946
2000,17.4,0.0254,31.7,0.017663099999999998,124.35600000000001,122.5756604775525
2500,17.4,0.0254,31.7,0.017663099999999998,124.166,121.9254363885563
3150,17.4,0.0254,31.7,0.017663099999999998,123.46600000000001,121.08014507286124
4000,17.4,0.0254,31.7,0.017663099999999998,121.99600000000001,119.97476412156772
5000,17.4,0.0254,31.7,0.017663099999999998,117.99600000000001,118.67431594357532
315,22.2,0.0254,71.3,0.0214178,115.85700000000001,126.19913150337628
400,22.2,0.0254,71.3,0.0214178,117.927,126.08859340824692
500,22.2,0.0254,71.3,0.0214178,117.96700000000001,125.95854859044769
630,22.2,0.0254,71.3,0.0214178,120.65700000000001,125.78949032730867
800,22.2,0.0254,71.3,0.0214178,123.227,125.56841413704997
1000,22.2,0.0254,71.3,0.0214178,134.247,125.3083245014515
1250,22.2,0.0254,71.3,0.0214178,140.987,124.9832124569534
1600,22.2,0.0254,71.3,0.0214178,131.817,124.52805559465605
2000,22.2,0.0254,71.3,0.0214178,127.197,124.0078763234591
2500,22.2,0.0254,71.3,0.0214178,126.09700000000001,123.3576522344629
3150,22.2,0.0254,71.3,0.0214178,124.12700000000001,122.51236091876785
4000,22.2,0.0254,71.3,0.0214178,123.917,121.40697996747431
5000,22.2,0.0254,71.3,0.0214178,125.727,120.10653178948192
6300,22.2,0.0254,71.3,0.0214178,123.12700000000001,118.41594915809182
8000,22.2,0.0254,71.3,0.0214178,121.65700000000001,116.20518725550475
200,22.2,0.0254,39.6,0.022902799999999997,116.066,122.97963247846272
250,22.2,0.0254,39.6,0.022902799999999997,117.38600000000001,122.9146100695631
315,22.2,0.0254,39.6,0.022902799999999997,120.71600000000001,122.8300809379936
400,22.2,0.0254,39.6,0.022902799999999997,123.416,122.71954284286424
500,22.2,0.0254,39.6,0.022902799999999997,129.776,122.589498025065
630,22.2,0.0254,39.6,0.022902799999999997,137.026,122.42043976192599
800,22.2,0.0254,39.6,0.022902799999999997,137.076,122.19936357166728
1000,22.2,0.0254,39.6,0.022902799999999997,128.416,121.9392739360688
1250,22.2,0.0254,39.6,0.022902799999999997,126.446,121.6141618915707
1600,22.2,0.0254,39.6,0.022902799999999997,122.21600000000001,121.15900502927337
2000,22.2,0.0254,39.6,0.022902799999999997,121.256,120.63882575807642
2500,22.2,0.0254,39.6,0.022902799999999997,121.306,119.98860166908023
3150,22.2,0.0254,39.6,0.022902799999999997,120.85600000000001,119.14331035338516
4000,22.2,0.0254,39.6,0.022902799999999997,119.646,118.03792940209163
5000,22.2,0.0254,39.6,0.022902799999999997,118.816,116.73748122409924
630,0.0,0.1016,71.3,0.00121072,124.155,135.14464364239328
800,0.0,0.1016,71.3,0.00121072,126.805,134.92356745213456
1000,0.0,0.1016,71.3,0.00121072,128.825,134.6634778165361
1250,0.0,0.1016,71.3,0.00121072,130.335,134.338365772038
1600,0.0,0.1016,71.3,0.00121072,131.725,133.88320890974066
2000,0.0,0.1016,71.3,0.00121072,132.095,133.3630296385437
2500,0.0,0.1016,71.3,0.00121072,132.595,132.7128055495475
3150,0.0,0.1016,71.3,0.00121072,131.955,131.86751423385246
4000,0.0,0.1016,71.3,0.00121072,130.935,130.76213328255892
5000,0.0,0.1016,71.3,0.00121072,130.795,129.46168510456653
6300,0.0,0.1016,71.3,0.00121072,129.395,127.77110247317643
8000,0.0,0.1016,71.3,0.00121072,125.465,125.56034057058936
10000,0.0,0.1016,71.3,0.00121072,123.305,122.95944421460457
12500,0.0,0.1016,71.3,0.00121072,119.375,119.7083237696236
630,0.0,0.1016,55.5,0.00131983,126.17,133.55438417238526
800,0.0,0.1016,55.5,0.00131983,127.92,133.33330798212654
1000,0.0,0.1016,55.5,0.00131983,129.8,133.07321834652805
1250,0.0,0.1016,55.5,0.00131983,131.43,132.74810630202995
1600,0.0,0.1016,55.5,0.00131983,132.05,132.29294943973264
2000,0.0,0.1016,55.5,0.00131983,132.54,131.7727701685357
2500,0.0,0.1016,55.5,0.00131983,133.04,131.1225460795395
3150,0.0,0.1016,55.5,0.00131983,131.78,130.2772547638444
4000,0.0,0.1016,55.5,0.00131983,129.5,129.1718738125509
5000,0.0,0.1016,55.5,0.00131983,128.36,127.8714256345585
6300,0.0,0.1016,55.5,0.00131983,127.73,126.18084300316839
8000,0.0,0.1016,55.5,0.00131983,124.45,123.97008110058133
10000,0.0,0.1016,55.5,0.00131983,121.93,121.36918474459655
12500,0.0,0.1016,55.5,0.00131983,119.91,118.11806429961557
630,0.0,0.1016,39.6,0.00146332,125.40100000000001,131.94931094081883
800,0.0,0.1016,39.6,0.00146332,128.401,131.72823475056015
1000,0.0,0.1016,39.6,0.00146332,130.781,131.46814511496166
1250,0.0,0.1016,39.6,0.00146332,132.27100000000002,131.14303307046356
1600,0.0,0.1016,39.6,0.00146332,133.261,130.68787620816622
2000,0.0,0.1016,39.6,0.00146332,133.251,130.16769693696926
2500,0.0,0.1016,39.6,0.00146332,132.611,129.51747284797307
3150,0.0,0.1016,39.6,0.00146332,130.961,128.67218153227802
4000,0.0,0.1016,39.6,0.00146332,127.801,127.56680058098448
5000,0.0,0.1016,39.6,0.00146332,126.021,126.2663524029921
6300,0.0,0.1016,39.6,0.00146332,125.631,124.57576977160198
8000,0.0,0.1016,39.6,0.00146332,122.34100000000001,122.36500786901492
10000,0.0,0.1016,39.6,0.00146332,119.561,119.76411151303014
630,0.0,0.1016,31.7,0.00150092,126.413,131.15657116555263
800,0.0,0.1016,31.7,0.00150092,129.053,130.93549497529392
1000,0.0,0.1016,31.7,0.00150092,131.313,130.67540533969546
1250,0.0,0.1016,31.7,0.00150092,133.063,130.35029329519736
1600,0.0,0.1016,31.7,0.00150092,133.553,129.89513643290002
2000,0.0,0.1016,31.7,0.00150092,133.153,129.37495716170307
2500,0.0,0.1016,31.7,0.00150092,132.003,128.72473307270687
3150,0.0,0.1016,31.7,0.00150092,129.97299999999998,127.8794417570118
4000,0.0,0.1016,31.7,0.00150092,126.93299999999999,126.77406080571828
5000,0.0,0.1016,31.7,0.00150092,124.39299999999999,125.47361262772588
6300,0.0,0.1016,31.7,0.00150092,124.25299999999999,123.78302999633578
8000,0.0,0.1016,31.7,0.00150092,120.193,121.57226809374872
10000,0.0,0.1016,31.7,0.00150092,115.89299999999999,118.97137173776393
800,3.3,0.1016,71.3,0.00202822,131.07399999999998,133.44317050158543
1000,3.3,0.1016,71.3,0.00202822,131.434,133.18308086598694
1250,3.3,0.1016,71.3,0.00202822,132.304,132.85796882148884
1600,3.3,0.1016,71.3,0.00202822,133.664,132.40281195919152
2000,3.3,0.1016,71.3,0.00202822,134.034,131.88263268799454
2500,3.3,0.1016,71.3,0.00202822,133.894,131.23240859899838
3150,3.3,0.1016,71.3,0.00202822,132.114,130.3871172833033
4000,3.3,0.1016,71.3,0.00202822,128.704,129.28173633200979
5000,3.3,0.1016,71.3,0.00202822,127.054,127.98128815401739
6300,3.3,0.1016,71.3,0.00202822,124.904,126.29070552262728
8000,3.3,0.1016,71.3,0.00202822,121.234,124.07994362004021
10000,3.3,0.1016,71.3,0.00202822,116.694,121.47904726405544
630,3.3,0.1016,55.5,0.002211,126.59899999999999,132.06360277277187
800,3.3,0.1016,55.5,0.002211,129.119,131.8425265825132
1000,3.3,0.1016,55.5,0.002211,131.129,131.5824369469147
1250,3.3,0.1016,55.5,0.002211,132.769,131.2573249024166
1600,3.3,0.1016,55.5,0.002211,133.649,130.80216804011926
2000,3.3,0.1016,55.5,0.002211,133.649,130.2819887689223
2500,3.3,0.1016,55.5,0.002211,132.889,129.6317646799261
3150,3.3,0.1016,55.5,0.002211,130.629,128.78647336423106
4000,3.3,0.1016,55.5,0.002211,127.229,127.68109241293752
5000,3.3,0.1016,55.5,0.002211,124.839,126.38064423494514
6300,3.3,0.1016,55.5,0.002211,123.839,124.69006160355502
8000,3.3,0.1016,55.5,0.002211,120.569,122.47929970096796
10000,3.3,0.1016,55.5,0.002211,115.65899999999999,119.87840334498318
630,3.3,0.1016,39.6,0.00245138,127.251,130.44487202430804
800,3.3,0.1016,39.6,0.00245138,129.991,130.22379583404935
1000,3.3,0.1016,39.6,0.00245138,131.971,129.96370619845086
1250,3.3,0.1016,39.6,0.00245138,133.211,129.63859415395277
1600,3.3,0.1016,39.6,0.00245138,133.071,129.18343729165542
2000,3.3,0.1016,39.6,0.00245138,132.30100000000002,128.66325802045847
2500,3.3,0.1016,39.6,0.00245138,130.791,128.01303393146227
3150,3.3,0.1016,39.6,0.00245138,128.401,127.16774261576722
4000,3.3,0.1016,39.6,0.00245138,124.881,126.0623616644737
5000,3.3,0.1016,39.6,0.00245138,122.37100000000001,124.7619134864813
6300,3.3,0.1016,39.6,0.00245138,120.851,123.07133085509119
8000,3.3,0.1016,39.6,0.00245138,118.09100000000001,120.86056895250414
10000,3.3,0.1016,39.6,0.00245138,115.321,118.25967259651935
630,3.3,0.1016,31.7,0.00251435,128.952,129.64855611937224
800,3.3,0.1016,31.7,0.00251435,131.362,129.42747992911353
1000,3.3,0.1016,31.7,0.00251435,133.012,129.16739029351507
1250,3.3,0.1016,31.7,0.00251435,134.02200000000002,128.84227824901697
1600,3.3,0.1016,31.7,0.00251435,133.40200000000002,128.38712138671963
2000,3.3,0.1016,31.7,0.00251435,131.642,127.86694211552266
2500,3.3,0.1016,31.7,0.00251435,130.392,127.21671802652646
3150,3.3,0.1016,31.7,0.00251435,128.252,126.37142671083141
4000,3.3,0.1016,31.7,0.00251435,124.852,125.26604575953789
5000,3.3,0.1016,31.7,0.00251435,122.08200000000001,123.9655975815455
6300,3.3,0.1016,31.7,0.00251435,120.70200000000001,122.27501495015538
8000,3.3,0.1016,31.7,0.00251435,117.432,120.06425304756831
630,6.7,0.1016,71.3,0.00478288,131.44799999999998,131.86942104215655
800,6.7,0.1016,71.3,0.00478288,134.47799999999998,131.64834485189783
1000,6.7,0.1016,71.3,0.00478288,136.75799999999998,131.38825521629934
1250,6.7,0.1016,71.3,0.00478288,137.658,131.06314317180124
1600,6.7,0.1016,71.3,0.00478288,136.678,130.60798630950393
2000,6.7,0.1016,71.3,0.00478288,134.56799999999998,130.08780703830695
2500,6.7,0.1016,71.3,0.00478288,131.458,129.43758294931075
3150,6.7,0.1016,71.3,0.00478288,124.458,128.5922916336157
500,6.7,0.1016,55.5,0.0052139,129.343,130.40284372563278
630,6.7,0.1016,55.5,0.0052139,133.023,130.23378546249376
800,6.7,0.1016,55.5,0.0052139,135.953,130.01270927223504
1000,6.7,0.1016,55.5,0.0052139,137.233,129.75261963663658
1250,6.7,0.1016,55.5,0.0052139,136.88299999999998,129.42750759213848
1600,6.7,0.1016,55.5,0.0052139,133.653,128.97235072984114
2000,6.7,0.1016,55.5,0.0052139,129.653,128.4521714586442
2500,6.7,0.1016,55.5,0.0052139,124.273,127.80194736964799
400,6.7,0.1016,39.6,0.00578076,128.295,128.86813750271233
500,6.7,0.1016,39.6,0.00578076,130.955,128.73809268491308
630,6.7,0.1016,39.6,0.00578076,133.355,128.56903442177406
800,6.7,0.1016,39.6,0.00578076,134.625,128.34795823151538
1000,6.7,0.1016,39.6,0.00578076,134.515,128.0878685959169
1250,6.7,0.1016,39.6,0.00578076,132.395,127.76275655141879
1600,6.7,0.1016,39.6,0.00578076,127.375,127.30759968912146
2000,6.7,0.1016,39.6,0.00578076,122.235,126.7874204179245
315,6.7,0.1016,31.7,0.00592927,126.266,128.1703020605867
400,6.7,0.1016,31.7,0.00592927,128.296,128.05976396545734
500,6.7,0.1016,31.7,0.00592927,130.20600000000002,127.92971914765809
630,6.7,0.1016,31.7,0.00592927,132.116,127.76066088451908
800,6.7,0.1016,31.7,0.00592927,132.886,127.53958469426038
1000,6.7,0.1016,31.7,0.00592927,131.636,127.2794950586619
1250,6.7,0.1016,31.7,0.00592927,129.256,126.95438301416381
1600,6.7,0.1016,31.7,0.00592927,124.346,126.49922615186647
2000,6.7,0.1016,31.7,0.00592927,120.446,125.97904688066951
200,8.9,0.1016,71.3,0.0103088,133.503,130.73957698753864
250,8.9,0.1016,71.3,0.0103088,134.533,130.674554578639
315,8.9,0.1016,71.3,0.0103088,136.583,130.5900254470695
400,8.9,0.1016,71.3,0.0103088,138.123,130.47948735194015
500,8.9,0.1016,71.3,0.0103088,138.523,130.3494425341409
630,8.9,0.1016,71.3,0.0103088,138.423,130.1803842710019
800,8.9,0.1016,71.3,0.0103088,137.813,129.9593080807432
1000,8.9,0.1016,71.3,0.0103088,135.433,129.6992184451447
1250,8.9,0.1016,71.3,0.0103088,132.793,129.3741064006466
1600,8.9,0.1016,71.3,0.0103088,128.763,128.9189495383493
2000,8.9,0.1016,71.3,0.0103088,124.23299999999999,128.39877026715232
2500,8.9,0.1016,71.3,0.0103088,123.62299999999999,127.74854617815613
3150,8.9,0.1016,71.3,0.0103088,123.26299999999999,126.90325486246108
4000,8.9,0.1016,71.3,0.0103088,120.243,125.79787391116754
5000,8.9,0.1016,71.3,0.0103088,116.723,124.49742573317516
6300,8.9,0.1016,71.3,0.0103088,117.25299999999999,122.80684310178505
200,8.9,0.1016,39.6,0.012459600000000001,133.42,127.27667592416542
250,8.9,0.1016,39.6,0.012459600000000001,134.34,127.2116535152658
315,8.9,0.1016,39.6,0.012459600000000001,135.38,127.12712438369628
400,8.9,0.1016,39.6,0.012459600000000001,135.54,127.01658628856694
500,8.9,0.1016,39.6,0.012459600000000001,133.79,126.8865414707677
630,8.9,0.1016,39.6,0.012459600000000001,131.92,126.71748320762869
800,8.9,0.1016,39.6,0.012459600000000001,130.94,126.49640701736998
1000,8.9,0.1016,39.6,0.012459600000000001,129.58,126.2363173817715
1250,8.9,0.1016,39.6,0.012459600000000001,127.71,125.9112053372734
1600,8.9,0.1016,39.6,0.012459600000000001,123.82,125.45604847497607
2000,8.9,0.1016,39.6,0.012459600000000001,119.04,124.9358692037791
2500,8.9,0.1016,39.6,0.012459600000000001,119.19,124.28564511478291
3150,8.9,0.1016,39.6,0.012459600000000001,119.35,123.44035379908786
4000,8.9,0.1016,39.6,0.012459600000000001,116.22,122.33497284779433
5000,8.9,0.1016,39.6,0.012459600000000001,113.08,121.03452466980194
6300,8.9,0.1016,39.6,0.012459600000000001,113.11,119.34394203841183
200,12.3,0.1016,71.3,0.033779199999999995,130.588,126.02468147416462
250,12.3,0.1016,71.3,0.033779199999999995,131.56799999999998,125.959659065265
315,12.3,0.1016,71.3,0.033779199999999995,137.06799999999998,125.8751299336955
400,12.3,0.1016,71.3,0.033779199999999995,139.428,125.76459183856615
500,12.3,0.1016,71.3,0.033779199999999995,140.158,125.6345470207669
630,12.3,0.1016,71.3,0.033779199999999995,135.368,125.4654887576279
800,12.3,0.1016,71.3,0.033779199999999995,127.318,125.24441256736918
1000,12.3,0.1016,71.3,0.033779199999999995,127.928,124.9843229317707
1250,12.3,0.1016,71.3,0.033779199999999995,126.648,124.65921088727261
1600,12.3,0.1016,71.3,0.033779199999999995,124.74799999999999,124.20405402497528
2000,12.3,0.1016,71.3,0.033779199999999995,122.21799999999999,123.68387475377833
2500,12.3,0.1016,71.3,0.033779199999999995,121.318,123.03365066478213
3150,12.3,0.1016,71.3,0.033779199999999995,120.79799999999999,122.18835934908707
4000,12.3,0.1016,71.3,0.033779199999999995,118.01799999999999,121.08297839779354
5000,12.3,0.1016,71.3,0.033779199999999995,116.10799999999999,119.78253021980115
6300,12.3,0.1016,71.3,0.033779199999999995,113.958,118.09194758841105
200,12.3,0.1016,55.5,0.0368233,132.304,124.02070876730284
250,12.3,0.1016,55.5,0.0368233,133.29399999999998,123.95568635840321
315,12.3,0.1016,55.5,0.0368233,135.674,123.8711572268337
400,12.3,0.1016,55.5,0.0368233,136.414,123.76061913170436
500,12.3,0.1016,55.5,0.0368233,133.774,123.63057431390511
630,12.3,0.1016,55.5,0.0368233,124.244,123.46151605076611
800,12.3,0.1016,55.5,0.0368233,125.11399999999999,123.2404398605074
1000,12.3,0.1016,55.5,0.0368233,125.484,122.98035022490892
1250,12.3,0.1016,55.5,0.0368233,124.214,122.65523818041082
1600,12.3,0.1016,55.5,0.0368233,121.824,122.20008131811349
2000,12.3,0.1016,55.5,0.0368233,118.564,121.67990204691652
2500,12.3,0.1016,55.5,0.0368233,117.054,121.02967795792034
3150,12.3,0.1016,55.5,0.0368233,116.914,120.18438664222528
4000,12.3,0.1016,55.5,0.0368233,114.404,119.07900569093175
5000,12.3,0.1016,55.5,0.0368233,112.014,117.77855751293936
6300,12.3,0.1016,55.5,0.0368233,110.124,116.08797488154926
200,12.3,0.1016,39.6,0.0408268,128.545,121.87153241055103
250,12.3,0.1016,39.6,0.0408268,129.675,121.8065100016514
315,12.3,0.1016,39.6,0.0408268,129.415,121.7219808700819
400,12.3,0.1016,39.6,0.0408268,128.265,121.61144277495255
500,12.3,0.1016,39.6,0.0408268,122.205,121.4813979571533
630,12.3,0.1016,39.6,0.0408268,121.315,121.3123396940143
800,12.3,0.1016,39.6,0.0408268,122.315,121.09126350375558
1000,12.3,0.1016,39.6,0.0408268,122.435,120.83117386815711
1250,12.3,0.1016,39.6,0.0408268,121.165,120.50606182365901
1600,12.3,0.1016,39.6,0.0408268,117.875,120.05090496136168
2000,12.3,0.1016,39.6,0.0408268,114.085,119.53072569016473
2500,12.3,0.1016,39.6,0.0408268,113.315,118.88050160116853
3150,12.3,0.1016,39.6,0.0408268,113.055,118.03521028547347
4000,12.3,0.1016,39.6,0.0408268,110.905,116.92982933417994
5000,12.3,0.1016,39.6,0.0408268,108.625,115.62938115618755
6300,12.3,0.1016,39.6,0.0408268,107.985,113.93879852479745
200,12.3,0.1016,31.7,0.0418756,124.98700000000001,120.93625490087804
250,12.3,0.1016,31.7,0.0418756,125.85700000000001,120.87123249197843
315,12.3,0.1016,31.7,0.0418756,124.71700000000001,120.78670336040892
400,12.3,0.1016,31.7,0.0418756,123.20700000000001,120.67616526527956
500,12.3,0.1016,31.7,0.0418756,118.667,120.54612044748033
630,12.3,0.1016,31.7,0.0418756,119.287,120.37706218434131
800,12.3,0.1016,31.7,0.0418756,120.037,120.15598599408261
1000,12.3,0.1016,31.7,0.0418756,119.777,119.89589635848414
1250,12.3,0.1016,31.7,0.0418756,118.76700000000001,119.57078431398604
1600,12.3,0.1016,31.7,0.0418756,114.477,119.1156274516887
2000,12.3,0.1016,31.7,0.0418756,110.447,118.59544818049174
2500,12.3,0.1016,31.7,0.0418756,110.31700000000001,117.94522409149555
3150,12.3,0.1016,31.7,0.0418756,110.307,117.0999327758005
4000,12.3,0.1016,31.7,0.0418756,108.40700000000001,115.99455182450696
5000,12.3,0.1016,31.7,0.0418756,107.147,114.69410364651458
6300,12.3,0.1016,31.7,0.0418756,107.26700000000001,113.00352101512446
200,15.6,0.1016,71.3,0.0437259,130.898,123.25744167853411
250,15.6,0.1016,71.3,0.0437259,132.158,123.19241926963448
315,15.6,0.1016,71.3,0.0437259,133.808,123.10789013806499
400,15.6,0.1016,71.3,0.0437259,134.058,122.99735204293563
500,15.6,0.1016,71.3,0.0437259,130.638,122.86730722513639
630,15.6,0.1016,71.3,0.0437259,122.288,122.69824896199738
800,15.6,0.1016,71.3,0.0437259,124.18799999999999,122.47717277173868
1000,15.6,0.1016,71.3,0.0437259,124.43799999999999,122.21708313614019
1250,15.6,0.1016,71.3,0.0437259,123.178,121.89197109164209
1600,15.6,0.1016,71.3,0.0437259,121.52799999999999,121.43681422934476
2000,15.6,0.1016,71.3,0.0437259,119.88799999999999,120.91663495814781
2500,15.6,0.1016,71.3,0.0437259,118.99799999999999,120.26641086915161
3150,15.6,0.1016,71.3,0.0437259,116.46799999999999,119.42111955345655
4000,15.6,0.1016,71.3,0.0437259,113.29799999999999,118.31573860216302
200,15.6,0.1016,39.6,0.0528487,123.514,118.8117745112408
250,15.6,0.1016,39.6,0.0528487,124.64399999999999,118.74675210234118
315,15.6,0.1016,39.6,0.0528487,122.75399999999999,118.66222297077167
400,15.6,0.1016,39.6,0.0528487,120.484,118.55168487564231
500,15.6,0.1016,39.6,0.0528487,115.304,118.42164005784308
630,15.6,0.1016,39.6,0.0528487,118.084,118.25258179470407
800,15.6,0.1016,39.6,0.0528487,118.964,118.03150560444536
1000,15.6,0.1016,39.6,0.0528487,119.22399999999999,117.77141596884688
1250,15.6,0.1016,39.6,0.0528487,118.214,117.44630392434878
1600,15.6,0.1016,39.6,0.0528487,114.554,116.99114706205145
2000,15.6,0.1016,39.6,0.0528487,110.89399999999999,116.47096779085449
2500,15.6,0.1016,39.6,0.0528487,110.264,115.8207437018583
3150,15.6,0.1016,39.6,0.0528487,109.25399999999999,114.97545238616324
4000,15.6,0.1016,39.6,0.0528487,106.604,113.87007143486971
5000,15.6,0.1016,39.6,0.0528487,106.22399999999999,112.56962325687732
6300,15.6,0.1016,39.6,0.0528487,104.204,110.87904062548722
